site_id,date,sarimax,xgboost,random_forest,ensemble
SITE_001,2025-01-01,58.8462418676354,52.647118,48.30652982142854,53.26662976793668
SITE_001,2025-01-02,59.49483415018767,52.647118,48.30652982142854,53.4828271954541
SITE_001,2025-01-03,59.559194061905146,52.647118,48.30652982142854,53.50428049935993
SITE_001,2025-01-04,59.56558050587773,52.647118,48.30652982142854,53.50640931401745
SITE_001,2025-01-05,59.566214233636856,52.647118,48.30652982142854,53.50662055660383
SITE_001,2025-01-06,59.56627711839974,52.647118,48.30652982142854,53.50664151819146
SITE_001,2025-01-07,59.56628335826099,52.647118,48.30652982142854,53.50664359814521
SITE_001,2025-01-08,59.5662839775905,52.647118,48.30652982142854,53.50664380458838
SITE_001,2025-01-09,59.56628403905779,52.647118,48.30652982142854,53.506643825077475
SITE_001,2025-01-10,59.56628404511139,52.647118,48.30652982142854,53.50664382709534
SITE_001,2025-01-11,59.56628404557705,52.647118,48.30652982142854,53.506643827250564
SITE_001,2025-01-12,59.56628404557705,52.647118,48.30652982142854,53.506643827250564
SITE_001,2025-01-13,59.56628404557705,52.647118,48.30652982142854,53.506643827250564
SITE_001,2025-01-14,59.56628404557705,52.647118,48.30652982142854,53.506643827250564
SITE_001,2025-01-15,59.56628404557705,52.647118,48.30652982142854,53.506643827250564
SITE_001,2025-01-16,59.56628404557705,52.647118,48.30652982142854,53.506643827250564
SITE_001,2025-01-17,59.56628404557705,52.647118,48.30652982142854,53.506643827250564
SITE_001,2025-01-18,59.56628404557705,52.647118,48.30652982142854,53.506643827250564
SITE_001,2025-01-19,59.56628404557705,52.647118,48.30652982142854,53.506643827250564
SITE_001,2025-01-20,59.56628404557705,52.647118,48.30652982142854,53.506643827250564
SITE_001,2025-01-21,59.56628404557705,52.647118,48.30652982142854,53.506643827250564
SITE_001,2025-01-22,59.56628404557705,52.647118,48.30652982142854,53.506643827250564
SITE_001,2025-01-23,59.56628404557705,52.647118,48.30652982142854,53.506643827250564
SITE_001,2025-01-24,59.56628404557705,52.647118,48.30652982142854,53.506643827250564
SITE_001,2025-01-25,59.56628404557705,52.647118,48.30652982142854,53.506643827250564
SITE_001,2025-01-26,59.56628404557705,52.647118,48.30652982142854,53.506643827250564
SITE_001,2025-01-27,59.56628404557705,52.647118,48.30652982142854,53.506643827250564
SITE_001,2025-01-28,59.56628404557705,52.647118,48.30652982142854,53.506643827250564
SITE_001,2025-01-29,59.56628404557705,52.647118,48.30652982142854,53.506643827250564
SITE_001,2025-01-30,59.56628404557705,52.647118,48.30652982142854,53.506643827250564
SITE_001,2025-01-31,59.56628404557705,52.647118,48.30652982142854,53.506643827250564
SITE_001,2025-02-01,59.56628404557705,52.647118,48.30652982142854,53.506643827250564
SITE_001,2025-02-02,59.56628404557705,52.647118,48.30652982142854,53.506643827250564
SITE_001,2025-02-03,59.56628404557705,52.647118,48.30652982142854,53.506643827250564
SITE_001,2025-02-04,59.56628404557705,52.647118,48.30652982142854,53.506643827250564
SITE_001,2025-02-05,59.56628404557705,52.647118,48.30652982142854,53.506643827250564
SITE_001,2025-02-06,59.56628404557705,52.647118,48.30652982142854,53.506643827250564
SITE_001,2025-02-07,59.56628404557705,52.647118,48.30652982142854,53.506643827250564
SITE_001,2025-02-08,59.56628404557705,52.647118,48.30652982142854,53.506643827250564
SITE_001,2025-02-09,59.56628404557705,52.647118,48.30652982142854,53.506643827250564
SITE_001,2025-02-10,59.56628404557705,52.647118,48.30652982142854,53.506643827250564
SITE_001,2025-02-11,59.56628404557705,52.647118,48.30652982142854,53.506643827250564
SITE_001,2025-02-12,59.56628404557705,52.647118,48.30652982142854,53.506643827250564
SITE_001,2025-02-13,59.56628404557705,52.647118,48.30652982142854,53.506643827250564
SITE_001,2025-02-14,59.56628404557705,52.647118,48.30652982142854,53.506643827250564
SITE_001,2025-02-15,59.56628404557705,52.647118,48.30652982142854,53.506643827250564
SITE_001,2025-02-16,59.56628404557705,52.647118,48.30652982142854,53.506643827250564
SITE_001,2025-02-17,59.56628404557705,52.647118,48.30652982142854,53.506643827250564
SITE_001,2025-02-18,59.56628404557705,52.647118,48.30652982142854,53.506643827250564
SITE_001,2025-02-19,59.56628404557705,52.647118,48.30652982142854,53.506643827250564
SITE_001,2025-02-20,59.56628404557705,52.647118,48.30652982142854,53.506643827250564
SITE_001,2025-02-21,59.56628404557705,52.647118,48.30652982142854,53.506643827250564
SITE_001,2025-02-22,59.56628404557705,52.647118,48.30652982142854,53.506643827250564
SITE_001,2025-02-23,59.56628404557705,52.647118,48.30652982142854,53.506643827250564
SITE_001,2025-02-24,59.56628404557705,52.647118,48.30652982142854,53.506643827250564
SITE_001,2025-02-25,59.56628404557705,52.647118,48.30652982142854,53.506643827250564
SITE_002,2025-01-01,14.571200138889253,18.224043,16.297239908520716,16.36416097995534
SITE_002,2025-01-02,13.917456428520381,18.224043,16.297239908520716,16.146246409832383
SITE_002,2025-01-03,13.818037787918001,18.224043,16.297239908520716,16.113106862964923
SITE_002,2025-01-04,13.802918612025678,18.224043,16.297239908520716,16.108067137667483
SITE_002,2025-01-05,13.800619350280613,18.224043,16.297239908520716,16.107300717085796
SITE_002,2025-01-06,13.800269688013941,18.224043,16.297239908520716,16.107184162996905
SITE_002,2025-01-07,13.80021651275456,18.224043,16.297239908520716,16.107166437910443
SITE_002,2025-01-08,13.800208426080644,18.224043,16.297239908520716,16.107163742352473
SITE_002,2025-01-09,13.800207196269184,18.224043,16.297239908520716,16.10716333241532
SITE_002,2025-01-10,13.800207009073347,18.224043,16.297239908520716,16.107163270016706
SITE_002,2025-01-11,13.800206980668008,18.224043,16.297239908520716,16.10716326054826
SITE_002,2025-01-12,13.800206976477057,18.224043,16.297239908520716,16.107163259151275
SITE_002,2025-01-13,13.800206976011395,18.224043,16.297239908520716,16.107163258996056
SITE_002,2025-01-14,13.800206976011395,18.224043,16.297239908520716,16.107163258996056
SITE_002,2025-01-15,13.800206976011395,18.224043,16.297239908520716,16.107163258996056
SITE_002,2025-01-16,13.800206976011395,18.224043,16.297239908520716,16.107163258996056
SITE_002,2025-01-17,13.800206976011395,18.224043,16.297239908520716,16.107163258996056
SITE_002,2025-01-18,13.800206976011395,18.224043,16.297239908520716,16.107163258996056
SITE_002,2025-01-19,13.800206976011395,18.224043,16.297239908520716,16.107163258996056
SITE_002,2025-01-20,13.800206976011395,18.224043,16.297239908520716,16.107163258996056
SITE_002,2025-01-21,13.800206976011395,18.224043,16.297239908520716,16.107163258996056
SITE_002,2025-01-22,13.800206976011395,18.224043,16.297239908520716,16.107163258996056
SITE_002,2025-01-23,13.800206976011395,18.224043,16.297239908520716,16.107163258996056
SITE_002,2025-01-24,13.800206976011395,18.224043,16.297239908520716,16.107163258996056
SITE_002,2025-01-25,13.800206976011395,18.224043,16.297239908520716,16.107163258996056
SITE_002,2025-01-26,13.800206976011395,18.224043,16.297239908520716,16.107163258996056
SITE_002,2025-01-27,13.800206976011395,18.224043,16.297239908520716,16.107163258996056
SITE_002,2025-01-28,13.800206976011395,18.224043,16.297239908520716,16.107163258996056
SITE_002,2025-01-29,13.800206976011395,18.224043,16.297239908520716,16.107163258996056
SITE_002,2025-01-30,13.800206976011395,18.224043,16.297239908520716,16.107163258996056
SITE_002,2025-01-31,13.800206976011395,18.224043,16.297239908520716,16.107163258996056
SITE_002,2025-02-01,13.800206976011395,18.224043,16.297239908520716,16.107163258996056
SITE_002,2025-02-02,13.800206976011395,18.224043,16.297239908520716,16.107163258996056
SITE_002,2025-02-03,13.800206976011395,18.224043,16.297239908520716,16.107163258996056
SITE_002,2025-02-04,13.800206976011395,18.224043,16.297239908520716,16.107163258996056
SITE_002,2025-02-05,13.800206976011395,18.224043,16.297239908520716,16.107163258996056
SITE_002,2025-02-06,13.800206976011395,18.224043,16.297239908520716,16.107163258996056
SITE_002,2025-02-07,13.800206976011395,18.224043,16.297239908520716,16.107163258996056
SITE_002,2025-02-08,13.800206976011395,18.224043,16.297239908520716,16.107163258996056
SITE_002,2025-02-09,13.800206976011395,18.224043,16.297239908520716,16.107163258996056
SITE_002,2025-02-10,13.800206976011395,18.224043,16.297239908520716,16.107163258996056
SITE_002,2025-02-11,13.800206976011395,18.224043,16.297239908520716,16.107163258996056
SITE_002,2025-02-12,13.800206976011395,18.224043,16.297239908520716,16.107163258996056
SITE_002,2025-02-13,13.800206976011395,18.224043,16.297239908520716,16.107163258996056
SITE_002,2025-02-14,13.800206976011395,18.224043,16.297239908520716,16.107163258996056
SITE_002,2025-02-15,13.800206976011395,18.224043,16.297239908520716,16.107163258996056
SITE_002,2025-02-16,13.800206976011395,18.224043,16.297239908520716,16.107163258996056
SITE_002,2025-02-17,13.800206976011395,18.224043,16.297239908520716,16.107163258996056
SITE_002,2025-02-18,13.800206976011395,18.224043,16.297239908520716,16.107163258996056
SITE_002,2025-02-19,13.800206976011395,18.224043,16.297239908520716,16.107163258996056
SITE_002,2025-02-20,13.800206976011395,18.224043,16.297239908520716,16.107163258996056
SITE_002,2025-02-21,13.800206976011395,18.224043,16.297239908520716,16.107163258996056
SITE_002,2025-02-22,13.800206976011395,18.224043,16.297239908520716,16.107163258996056
SITE_002,2025-02-23,13.800206976011395,18.224043,16.297239908520716,16.107163258996056
SITE_002,2025-02-24,13.800206976011395,18.224043,16.297239908520716,16.107163258996056
SITE_002,2025-02-25,13.800206976011395,18.224043,16.297239908520716,16.107163258996056
SITE_003,2025-01-01,31.891889452934265,34.21123,34.35081180865141,33.48464416442504
SITE_003,2025-01-02,31.906870752573013,34.21123,34.35081180865141,33.48963793097129
SITE_003,2025-01-03,31.906768172979355,34.21123,34.35081180865141,33.4896037377734
SITE_003,2025-01-04,31.90676887333393,34.21123,34.35081180865141,33.48960397122493
SITE_003,2025-01-05,31.90676887333393,34.21123,34.35081180865141,33.48960397122493
SITE_003,2025-01-06,31.90676887333393,34.21123,34.35081180865141,33.48960397122493
SITE_003,2025-01-07,31.90676887333393,34.21123,34.35081180865141,33.48960397122493
SITE_003,2025-01-08,31.90676887333393,34.21123,34.35081180865141,33.48960397122493
SITE_003,2025-01-09,31.90676887333393,34.21123,34.35081180865141,33.48960397122493
SITE_003,2025-01-10,31.90676887333393,34.21123,34.35081180865141,33.48960397122493
SITE_003,2025-01-11,31.90676887333393,34.21123,34.35081180865141,33.48960397122493
SITE_003,2025-01-12,31.90676887333393,34.21123,34.35081180865141,33.48960397122493
SITE_003,2025-01-13,31.90676887333393,34.21123,34.35081180865141,33.48960397122493
SITE_003,2025-01-14,31.90676887333393,34.21123,34.35081180865141,33.48960397122493
SITE_003,2025-01-15,31.90676887333393,34.21123,34.35081180865141,33.48960397122493
SITE_003,2025-01-16,31.90676887333393,34.21123,34.35081180865141,33.48960397122493
SITE_003,2025-01-17,31.90676887333393,34.21123,34.35081180865141,33.48960397122493
SITE_003,2025-01-18,31.90676887333393,34.21123,34.35081180865141,33.48960397122493
SITE_003,2025-01-19,31.90676887333393,34.21123,34.35081180865141,33.48960397122493
SITE_003,2025-01-20,31.90676887333393,34.21123,34.35081180865141,33.48960397122493
SITE_003,2025-01-21,31.90676887333393,34.21123,34.35081180865141,33.48960397122493
SITE_003,2025-01-22,31.90676887333393,34.21123,34.35081180865141,33.48960397122493
SITE_003,2025-01-23,31.90676887333393,34.21123,34.35081180865141,33.48960397122493
SITE_003,2025-01-24,31.90676887333393,34.21123,34.35081180865141,33.48960397122493
SITE_003,2025-01-25,31.90676887333393,34.21123,34.35081180865141,33.48960397122493
SITE_003,2025-01-26,31.90676887333393,34.21123,34.35081180865141,33.48960397122493
SITE_003,2025-01-27,31.90676887333393,34.21123,34.35081180865141,33.48960397122493
SITE_003,2025-01-28,31.90676887333393,34.21123,34.35081180865141,33.48960397122493
SITE_003,2025-01-29,31.90676887333393,34.21123,34.35081180865141,33.48960397122493
SITE_003,2025-01-30,31.90676887333393,34.21123,34.35081180865141,33.48960397122493
SITE_003,2025-01-31,31.90676887333393,34.21123,34.35081180865141,33.48960397122493
SITE_003,2025-02-01,31.90676887333393,34.21123,34.35081180865141,33.48960397122493
SITE_003,2025-02-02,31.90676887333393,34.21123,34.35081180865141,33.48960397122493
SITE_003,2025-02-03,31.90676887333393,34.21123,34.35081180865141,33.48960397122493
SITE_003,2025-02-04,31.90676887333393,34.21123,34.35081180865141,33.48960397122493
SITE_003,2025-02-05,31.90676887333393,34.21123,34.35081180865141,33.48960397122493
SITE_003,2025-02-06,31.90676887333393,34.21123,34.35081180865141,33.48960397122493
SITE_003,2025-02-07,31.90676887333393,34.21123,34.35081180865141,33.48960397122493
SITE_003,2025-02-08,31.90676887333393,34.21123,34.35081180865141,33.48960397122493
SITE_003,2025-02-09,31.90676887333393,34.21123,34.35081180865141,33.48960397122493
SITE_003,2025-02-10,31.90676887333393,34.21123,34.35081180865141,33.48960397122493
SITE_003,2025-02-11,31.90676887333393,34.21123,34.35081180865141,33.48960397122493
SITE_003,2025-02-12,31.90676887333393,34.21123,34.35081180865141,33.48960397122493
SITE_003,2025-02-13,31.90676887333393,34.21123,34.35081180865141,33.48960397122493
SITE_003,2025-02-14,31.90676887333393,34.21123,34.35081180865141,33.48960397122493
SITE_003,2025-02-15,31.90676887333393,34.21123,34.35081180865141,33.48960397122493
SITE_003,2025-02-16,31.90676887333393,34.21123,34.35081180865141,33.48960397122493
SITE_003,2025-02-17,31.90676887333393,34.21123,34.35081180865141,33.48960397122493
SITE_003,2025-02-18,31.90676887333393,34.21123,34.35081180865141,33.48960397122493
SITE_003,2025-02-19,31.90676887333393,34.21123,34.35081180865141,33.48960397122493
SITE_003,2025-02-20,31.90676887333393,34.21123,34.35081180865141,33.48960397122493
SITE_003,2025-02-21,31.90676887333393,34.21123,34.35081180865141,33.48960397122493
SITE_003,2025-02-22,31.90676887333393,34.21123,34.35081180865141,33.48960397122493
SITE_003,2025-02-23,31.90676887333393,34.21123,34.35081180865141,33.48960397122493
SITE_003,2025-02-24,31.90676887333393,34.21123,34.35081180865141,33.48960397122493
SITE_003,2025-02-25,31.90676887333393,34.21123,34.35081180865141,33.48960397122493
SITE_004,2025-01-01,7.764406725764275,8.065817,8.37040735167647,8.066876985571069
SITE_004,2025-01-02,7.762908846139908,8.065817,8.37040735167647,8.066377692362947
SITE_004,2025-01-03,7.762890979647636,8.065817,8.37040735167647,8.066371736865522
SITE_004,2025-01-04,7.76289077103138,8.065817,8.37040735167647,8.06637166732677
SITE_004,2025-01-05,7.76289077103138,8.065817,8.37040735167647,8.06637166732677
SITE_004,2025-01-06,7.76289077103138,8.065817,8.37040735167647,8.06637166732677
SITE_004,2025-01-07,7.76289077103138,8.065817,8.37040735167647,8.06637166732677
SITE_004,2025-01-08,7.76289077103138,8.065817,8.37040735167647,8.06637166732677
SITE_004,2025-01-09,7.76289077103138,8.065817,8.37040735167647,8.06637166732677
SITE_004,2025-01-10,7.76289077103138,8.065817,8.37040735167647,8.06637166732677
SITE_004,2025-01-11,7.76289077103138,8.065817,8.37040735167647,8.06637166732677
SITE_004,2025-01-12,7.76289077103138,8.065817,8.37040735167647,8.06637166732677
SITE_004,2025-01-13,7.76289077103138,8.065817,8.37040735167647,8.06637166732677
SITE_004,2025-01-14,7.76289077103138,8.065817,8.37040735167647,8.06637166732677
SITE_004,2025-01-15,7.76289077103138,8.065817,8.37040735167647,8.06637166732677
SITE_004,2025-01-16,7.76289077103138,8.065817,8.37040735167647,8.06637166732677
SITE_004,2025-01-17,7.76289077103138,8.065817,8.37040735167647,8.06637166732677
SITE_004,2025-01-18,7.76289077103138,8.065817,8.37040735167647,8.06637166732677
SITE_004,2025-01-19,7.76289077103138,8.065817,8.37040735167647,8.06637166732677
SITE_004,2025-01-20,7.76289077103138,8.065817,8.37040735167647,8.06637166732677
SITE_004,2025-01-21,7.76289077103138,8.065817,8.37040735167647,8.06637166732677
SITE_004,2025-01-22,7.76289077103138,8.065817,8.37040735167647,8.06637166732677
SITE_004,2025-01-23,7.76289077103138,8.065817,8.37040735167647,8.06637166732677
SITE_004,2025-01-24,7.76289077103138,8.065817,8.37040735167647,8.06637166732677
SITE_004,2025-01-25,7.76289077103138,8.065817,8.37040735167647,8.06637166732677
SITE_004,2025-01-26,7.76289077103138,8.065817,8.37040735167647,8.06637166732677
SITE_004,2025-01-27,7.76289077103138,8.065817,8.37040735167647,8.06637166732677
SITE_004,2025-01-28,7.76289077103138,8.065817,8.37040735167647,8.06637166732677
SITE_004,2025-01-29,7.76289077103138,8.065817,8.37040735167647,8.06637166732677
SITE_004,2025-01-30,7.76289077103138,8.065817,8.37040735167647,8.06637166732677
SITE_004,2025-01-31,7.76289077103138,8.065817,8.37040735167647,8.06637166732677
SITE_004,2025-02-01,7.76289077103138,8.065817,8.37040735167647,8.06637166732677
SITE_004,2025-02-02,7.76289077103138,8.065817,8.37040735167647,8.06637166732677
SITE_004,2025-02-03,7.76289077103138,8.065817,8.37040735167647,8.06637166732677
SITE_004,2025-02-04,7.76289077103138,8.065817,8.37040735167647,8.06637166732677
SITE_004,2025-02-05,7.76289077103138,8.065817,8.37040735167647,8.06637166732677
SITE_004,2025-02-06,7.76289077103138,8.065817,8.37040735167647,8.06637166732677
SITE_004,2025-02-07,7.76289077103138,8.065817,8.37040735167647,8.06637166732677
SITE_004,2025-02-08,7.76289077103138,8.065817,8.37040735167647,8.06637166732677
SITE_004,2025-02-09,7.76289077103138,8.065817,8.37040735167647,8.06637166732677
SITE_004,2025-02-10,7.76289077103138,8.065817,8.37040735167647,8.06637166732677
SITE_004,2025-02-11,7.76289077103138,8.065817,8.37040735167647,8.06637166732677
SITE_004,2025-02-12,7.76289077103138,8.065817,8.37040735167647,8.06637166732677
SITE_004,2025-02-13,7.76289077103138,8.065817,8.37040735167647,8.06637166732677
SITE_004,2025-02-14,7.76289077103138,8.065817,8.37040735167647,8.06637166732677
SITE_004,2025-02-15,7.76289077103138,8.065817,8.37040735167647,8.06637166732677
SITE_004,2025-02-16,7.76289077103138,8.065817,8.37040735167647,8.06637166732677
SITE_004,2025-02-17,7.76289077103138,8.065817,8.37040735167647,8.06637166732677
SITE_004,2025-02-18,7.76289077103138,8.065817,8.37040735167647,8.06637166732677
SITE_004,2025-02-19,7.76289077103138,8.065817,8.37040735167647,8.06637166732677
SITE_004,2025-02-20,7.76289077103138,8.065817,8.37040735167647,8.06637166732677
SITE_004,2025-02-21,7.76289077103138,8.065817,8.37040735167647,8.06637166732677
SITE_004,2025-02-22,7.76289077103138,8.065817,8.37040735167647,8.06637166732677
SITE_004,2025-02-23,7.76289077103138,8.065817,8.37040735167647,8.06637166732677
SITE_004,2025-02-24,7.76289077103138,8.065817,8.37040735167647,8.06637166732677
SITE_004,2025-02-25,7.76289077103138,8.065817,8.37040735167647,8.06637166732677
SITE_005,2025-01-01,0.0,2.1180286,13.941615096574937,0.6562218420214668
SITE_005,2025-01-02,0.0,2.1180286,13.941615096574937,0.0
SITE_005,2025-01-03,0.0,2.1180286,13.941615096574937,0.0
SITE_005,2025-01-04,0.0,2.1180286,13.941615096574937,0.0
SITE_005,2025-01-05,0.0,2.1180286,13.941615096574937,0.0
SITE_005,2025-01-06,0.0,2.1180286,13.941615096574937,0.0
SITE_005,2025-01-07,0.0,2.1180286,13.941615096574937,0.0
SITE_005,2025-01-08,0.0,2.1180286,13.941615096574937,0.0
SITE_005,2025-01-09,0.0,2.1180286,13.941615096574937,0.0
SITE_005,2025-01-10,0.0,2.1180286,13.941615096574937,0.0
SITE_005,2025-01-11,0.0,2.1180286,13.941615096574937,0.0
SITE_005,2025-01-12,0.0,2.1180286,13.941615096574937,0.0
SITE_005,2025-01-13,0.0,2.1180286,13.941615096574937,0.0
SITE_005,2025-01-14,0.0,2.1180286,13.941615096574937,0.0
SITE_005,2025-01-15,0.0,2.1180286,13.941615096574937,0.0
SITE_005,2025-01-16,0.0,2.1180286,13.941615096574937,0.0
SITE_005,2025-01-17,0.0,2.1180286,13.941615096574937,0.0
SITE_005,2025-01-18,0.0,2.1180286,13.941615096574937,0.0
SITE_005,2025-01-19,0.0,2.1180286,13.941615096574937,0.0
SITE_005,2025-01-20,0.0,2.1180286,13.941615096574937,0.0
SITE_005,2025-01-21,0.0,2.1180286,13.941615096574937,0.0
SITE_005,2025-01-22,0.0,2.1180286,13.941615096574937,0.0
SITE_005,2025-01-23,0.0,2.1180286,13.941615096574937,0.0
SITE_005,2025-01-24,0.0,2.1180286,13.941615096574937,0.0
SITE_005,2025-01-25,0.0,2.1180286,13.941615096574937,0.0
SITE_005,2025-01-26,0.0,2.1180286,13.941615096574937,0.0
SITE_005,2025-01-27,0.0,2.1180286,13.941615096574937,0.0
SITE_005,2025-01-28,0.0,2.1180286,13.941615096574937,0.0
SITE_005,2025-01-29,0.0,2.1180286,13.941615096574937,0.0
SITE_005,2025-01-30,0.0,2.1180286,13.941615096574937,0.0
SITE_005,2025-01-31,0.0,2.1180286,13.941615096574937,0.0
SITE_005,2025-02-01,0.0,2.1180286,13.941615096574937,0.0
SITE_005,2025-02-02,0.0,2.1180286,13.941615096574937,0.0
SITE_005,2025-02-03,0.0,2.1180286,13.941615096574937,0.0
SITE_005,2025-02-04,0.0,2.1180286,13.941615096574937,0.0
SITE_005,2025-02-05,0.0,2.1180286,13.941615096574937,0.0
SITE_005,2025-02-06,0.0,2.1180286,13.941615096574937,0.0
SITE_005,2025-02-07,0.0,2.1180286,13.941615096574937,0.0
SITE_005,2025-02-08,0.0,2.1180286,13.941615096574937,0.0
SITE_005,2025-02-09,0.0,2.1180286,13.941615096574937,0.0
SITE_005,2025-02-10,0.0,2.1180286,13.941615096574937,0.0
SITE_005,2025-02-11,0.0,2.1180286,13.941615096574937,0.0
SITE_005,2025-02-12,0.0,2.1180286,13.941615096574937,0.0
SITE_005,2025-02-13,0.0,2.1180286,13.941615096574937,0.0
SITE_005,2025-02-14,0.0,2.1180286,13.941615096574937,0.0
SITE_005,2025-02-15,0.0,2.1180286,13.941615096574937,0.0
SITE_005,2025-02-16,0.0,2.1180286,13.941615096574937,0.0
SITE_005,2025-02-17,0.0,2.1180286,13.941615096574937,0.0
SITE_005,2025-02-18,0.0,2.1180286,13.941615096574937,0.0
SITE_005,2025-02-19,0.0,2.1180286,13.941615096574937,0.0
SITE_005,2025-02-20,0.0,2.1180286,13.941615096574937,0.0
SITE_005,2025-02-21,0.0,2.1180286,13.941615096574937,0.0
SITE_005,2025-02-22,0.0,2.1180286,13.941615096574937,0.0
SITE_005,2025-02-23,0.0,2.1180286,13.941615096574937,0.0
SITE_005,2025-02-24,0.0,2.1180286,13.941615096574937,0.0
SITE_005,2025-02-25,0.0,2.1180286,13.941615096574937,0.0
SITE_006,2025-01-01,0.0,0.47266537,7.46307891935945,0.0
SITE_006,2025-01-02,0.0,0.47266537,7.46307891935945,0.0
SITE_006,2025-01-03,0.0,0.47266537,7.46307891935945,0.0
SITE_006,2025-01-04,0.0,0.47266537,7.46307891935945,0.0
SITE_006,2025-01-05,0.0,0.47266537,7.46307891935945,0.0
SITE_006,2025-01-06,0.0,0.47266537,7.46307891935945,0.0
SITE_006,2025-01-07,0.0,0.47266537,7.46307891935945,0.0
SITE_006,2025-01-08,0.0,0.47266537,7.46307891935945,0.0
SITE_006,2025-01-09,0.0,0.47266537,7.46307891935945,0.0
SITE_006,2025-01-10,0.0,0.47266537,7.46307891935945,0.0
SITE_006,2025-01-11,0.0,0.47266537,7.46307891935945,0.0
SITE_006,2025-01-12,0.0,0.47266537,7.46307891935945,0.0
SITE_006,2025-01-13,0.0,0.47266537,7.46307891935945,0.0
SITE_006,2025-01-14,0.0,0.47266537,7.46307891935945,0.0
SITE_006,2025-01-15,0.0,0.47266537,7.46307891935945,0.0
SITE_006,2025-01-16,0.0,0.47266537,7.46307891935945,0.0
SITE_006,2025-01-17,0.0,0.47266537,7.46307891935945,0.0
SITE_006,2025-01-18,0.0,0.47266537,7.46307891935945,0.0
SITE_006,2025-01-19,0.0,0.47266537,7.46307891935945,0.0
SITE_006,2025-01-20,0.0,0.47266537,7.46307891935945,0.0
SITE_006,2025-01-21,0.0,0.47266537,7.46307891935945,0.0
SITE_006,2025-01-22,0.0,0.47266537,7.46307891935945,0.0
SITE_006,2025-01-23,0.0,0.47266537,7.46307891935945,0.0
SITE_006,2025-01-24,0.0,0.47266537,7.46307891935945,0.0
SITE_006,2025-01-25,0.0,0.47266537,7.46307891935945,0.0
SITE_006,2025-01-26,0.0,0.47266537,7.46307891935945,0.0
SITE_006,2025-01-27,0.0,0.47266537,7.46307891935945,0.0
SITE_006,2025-01-28,0.0,0.47266537,7.46307891935945,0.0
SITE_006,2025-01-29,0.0,0.47266537,7.46307891935945,0.0
SITE_006,2025-01-30,0.0,0.47266537,7.46307891935945,0.0
SITE_006,2025-01-31,0.0,0.47266537,7.46307891935945,0.0
SITE_006,2025-02-01,0.0,0.47266537,7.46307891935945,0.0
SITE_006,2025-02-02,0.0,0.47266537,7.46307891935945,0.0
SITE_006,2025-02-03,0.0,0.47266537,7.46307891935945,0.0
SITE_006,2025-02-04,0.0,0.47266537,7.46307891935945,0.0
SITE_006,2025-02-05,0.0,0.47266537,7.46307891935945,0.0
SITE_006,2025-02-06,0.0,0.47266537,7.46307891935945,0.0
SITE_006,2025-02-07,0.0,0.47266537,7.46307891935945,0.0
SITE_006,2025-02-08,0.0,0.47266537,7.46307891935945,0.0
SITE_006,2025-02-09,0.0,0.47266537,7.46307891935945,0.0
SITE_006,2025-02-10,0.0,0.47266537,7.46307891935945,0.0
SITE_006,2025-02-11,0.0,0.47266537,7.46307891935945,0.0
SITE_006,2025-02-12,0.0,0.47266537,7.46307891935945,0.0
SITE_006,2025-02-13,0.0,0.47266537,7.46307891935945,0.0
SITE_006,2025-02-14,0.0,0.47266537,7.46307891935945,0.0
SITE_006,2025-02-15,0.0,0.47266537,7.46307891935945,0.0
SITE_006,2025-02-16,0.0,0.47266537,7.46307891935945,0.0
SITE_006,2025-02-17,0.0,0.47266537,7.46307891935945,0.0
SITE_006,2025-02-18,0.0,0.47266537,7.46307891935945,0.0
SITE_006,2025-02-19,0.0,0.47266537,7.46307891935945,0.0
SITE_006,2025-02-20,0.0,0.47266537,7.46307891935945,0.0
SITE_006,2025-02-21,0.0,0.47266537,7.46307891935945,0.0
SITE_006,2025-02-22,0.0,0.47266537,7.46307891935945,0.0
SITE_006,2025-02-23,0.0,0.47266537,7.46307891935945,0.0
SITE_006,2025-02-24,0.0,0.47266537,7.46307891935945,0.0
SITE_006,2025-02-25,0.0,0.47266537,7.46307891935945,0.0
SITE_007,2025-01-01,50.149913248606026,47.035816,35.73517097899668,44.30696680674322
SITE_007,2025-01-02,50.26118356175721,47.035816,35.73517097899668,44.34405691112695
SITE_007,2025-01-03,50.26868764311075,47.035816,35.73517097899668,44.346558271578125
SITE_007,2025-01-04,50.269193719141185,47.035816,35.73517097899668,44.346726963588274
SITE_007,2025-01-05,50.26922784931958,47.035816,35.73517097899668,44.3467383403144
SITE_007,2025-01-06,50.26923015061766,47.035816,35.73517097899668,44.34673910741376
SITE_007,2025-01-07,50.26923030614853,47.035816,35.73517097899668,44.34673915925739
SITE_007,2025-01-08,50.26923031639308,47.035816,35.73517097899668,44.346739162672236
SITE_007,2025-01-09,50.2692303173244,47.035816,35.73517097899668,44.34673916298268
SITE_007,2025-01-10,50.2692303173244,47.035816,35.73517097899668,44.34673916298268
SITE_007,2025-01-11,50.2692303173244,47.035816,35.73517097899668,44.34673916298268
SITE_007,2025-01-12,50.2692303173244,47.035816,35.73517097899668,44.34673916298268
SITE_007,2025-01-13,50.2692303173244,47.035816,35.73517097899668,44.34673916298268
SITE_007,2025-01-14,50.2692303173244,47.035816,35.73517097899668,44.34673916298268
SITE_007,2025-01-15,50.2692303173244,47.035816,35.73517097899668,44.34673916298268
SITE_007,2025-01-16,50.2692303173244,47.035816,35.73517097899668,44.34673916298268
SITE_007,2025-01-17,50.2692303173244,47.035816,35.73517097899668,44.34673916298268
SITE_007,2025-01-18,50.2692303173244,47.035816,35.73517097899668,44.34673916298268
SITE_007,2025-01-19,50.2692303173244,47.035816,35.73517097899668,44.34673916298268
SITE_007,2025-01-20,50.2692303173244,47.035816,35.73517097899668,44.34673916298268
SITE_007,2025-01-21,50.2692303173244,47.035816,35.73517097899668,44.34673916298268
SITE_007,2025-01-22,50.2692303173244,47.035816,35.73517097899668,44.34673916298268
SITE_007,2025-01-23,50.2692303173244,47.035816,35.73517097899668,44.34673916298268
SITE_007,2025-01-24,50.2692303173244,47.035816,35.73517097899668,44.34673916298268
SITE_007,2025-01-25,50.2692303173244,47.035816,35.73517097899668,44.34673916298268
SITE_007,2025-01-26,50.2692303173244,47.035816,35.73517097899668,44.34673916298268
SITE_007,2025-01-27,50.2692303173244,47.035816,35.73517097899668,44.34673916298268
SITE_007,2025-01-28,50.2692303173244,47.035816,35.73517097899668,44.34673916298268
SITE_007,2025-01-29,50.2692303173244,47.035816,35.73517097899668,44.34673916298268
SITE_007,2025-01-30,50.2692303173244,47.035816,35.73517097899668,44.34673916298268
SITE_007,2025-01-31,50.2692303173244,47.035816,35.73517097899668,44.34673916298268
SITE_007,2025-02-01,50.2692303173244,47.035816,35.73517097899668,44.34673916298268
SITE_007,2025-02-02,50.2692303173244,47.035816,35.73517097899668,44.34673916298268
SITE_007,2025-02-03,50.2692303173244,47.035816,35.73517097899668,44.34673916298268
SITE_007,2025-02-04,50.2692303173244,47.035816,35.73517097899668,44.34673916298268
SITE_007,2025-02-05,50.2692303173244,47.035816,35.73517097899668,44.34673916298268
SITE_007,2025-02-06,50.2692303173244,47.035816,35.73517097899668,44.34673916298268
SITE_007,2025-02-07,50.2692303173244,47.035816,35.73517097899668,44.34673916298268
SITE_007,2025-02-08,50.2692303173244,47.035816,35.73517097899668,44.34673916298268
SITE_007,2025-02-09,50.2692303173244,47.035816,35.73517097899668,44.34673916298268
SITE_007,2025-02-10,50.2692303173244,47.035816,35.73517097899668,44.34673916298268
SITE_007,2025-02-11,50.2692303173244,47.035816,35.73517097899668,44.34673916298268
SITE_007,2025-02-12,50.2692303173244,47.035816,35.73517097899668,44.34673916298268
SITE_007,2025-02-13,50.2692303173244,47.035816,35.73517097899668,44.34673916298268
SITE_007,2025-02-14,50.2692303173244,47.035816,35.73517097899668,44.34673916298268
SITE_007,2025-02-15,50.2692303173244,47.035816,35.73517097899668,44.34673916298268
SITE_007,2025-02-16,50.2692303173244,47.035816,35.73517097899668,44.34673916298268
SITE_007,2025-02-17,50.2692303173244,47.035816,35.73517097899668,44.34673916298268
SITE_007,2025-02-18,50.2692303173244,47.035816,35.73517097899668,44.34673916298268
SITE_007,2025-02-19,50.2692303173244,47.035816,35.73517097899668,44.34673916298268
SITE_007,2025-02-20,50.2692303173244,47.035816,35.73517097899668,44.34673916298268
SITE_007,2025-02-21,50.2692303173244,47.035816,35.73517097899668,44.34673916298268
SITE_007,2025-02-22,50.2692303173244,47.035816,35.73517097899668,44.34673916298268
SITE_007,2025-02-23,50.2692303173244,47.035816,35.73517097899668,44.34673916298268
SITE_007,2025-02-24,50.2692303173244,47.035816,35.73517097899668,44.34673916298268
SITE_007,2025-02-25,50.2692303173244,47.035816,35.73517097899668,44.34673916298268
SITE_008,2025-01-01,4.7873128651990555,1.0561438,6.983136378968253,4.275531001616154
SITE_008,2025-01-02,5.362976351752877,1.0561438,6.983136378968253,4.467418830467428
SITE_008,2025-01-03,5.4321985770366155,1.0561438,6.983136378968253,4.490492905562007
SITE_008,2025-01-04,5.440522392222192,1.0561438,6.983136378968253,4.493267510623866
SITE_008,2025-01-05,5.441523312067147,1.0561438,6.983136378968253,4.493601150572185
SITE_008,2025-01-06,5.441643670375925,1.0561438,6.983136378968253,4.493641270008443
SITE_008,2025-01-07,5.441658143186942,1.0561438,6.983136378968253,4.493646094278783
SITE_008,2025-01-08,5.441659883537795,1.0561438,6.983136378968253,4.493646674395734
SITE_008,2025-01-09,5.441660092794336,1.0561438,6.983136378968253,4.493646744147914
SITE_008,2025-01-10,5.441660117940046,1.0561438,6.983136378968253,4.493646752529817
SITE_008,2025-01-11,5.441660120966844,1.0561438,6.983136378968253,4.4936467535387505
SITE_008,2025-01-12,5.44166012131609,1.0561438,6.983136378968253,4.493646753655166
SITE_008,2025-01-13,5.441660121374298,1.0561438,6.983136378968253,4.493646753674568
SITE_008,2025-01-14,5.441660121374298,1.0561438,6.983136378968253,4.493646753674568
SITE_008,2025-01-15,5.441660121374298,1.0561438,6.983136378968253,4.493646753674568
SITE_008,2025-01-16,5.441660121374298,1.0561438,6.983136378968253,4.493646753674568
SITE_008,2025-01-17,5.441660121374298,1.0561438,6.983136378968253,4.493646753674568
SITE_008,2025-01-18,5.441660121374298,1.0561438,6.983136378968253,4.493646753674568
SITE_008,2025-01-19,5.441660121374298,1.0561438,6.983136378968253,4.493646753674568
SITE_008,2025-01-20,5.441660121374298,1.0561438,6.983136378968253,4.493646753674568
SITE_008,2025-01-21,5.441660121374298,1.0561438,6.983136378968253,4.493646753674568
SITE_008,2025-01-22,5.441660121374298,1.0561438,6.983136378968253,4.493646753674568
SITE_008,2025-01-23,5.441660121374298,1.0561438,6.983136378968253,4.493646753674568
SITE_008,2025-01-24,5.441660121374298,1.0561438,6.983136378968253,4.493646753674568
SITE_008,2025-01-25,5.441660121374298,1.0561438,6.983136378968253,4.493646753674568
SITE_008,2025-01-26,5.441660121374298,1.0561438,6.983136378968253,4.493646753674568
SITE_008,2025-01-27,5.441660121374298,1.0561438,6.983136378968253,4.493646753674568
SITE_008,2025-01-28,5.441660121374298,1.0561438,6.983136378968253,4.493646753674568
SITE_008,2025-01-29,5.441660121374298,1.0561438,6.983136378968253,4.493646753674568
SITE_008,2025-01-30,5.441660121374298,1.0561438,6.983136378968253,4.493646753674568
SITE_008,2025-01-31,5.441660121374298,1.0561438,6.983136378968253,4.493646753674568
SITE_008,2025-02-01,5.441660121374298,1.0561438,6.983136378968253,4.493646753674568
SITE_008,2025-02-02,5.441660121374298,1.0561438,6.983136378968253,4.493646753674568
SITE_008,2025-02-03,5.441660121374298,1.0561438,6.983136378968253,4.493646753674568
SITE_008,2025-02-04,5.441660121374298,1.0561438,6.983136378968253,4.493646753674568
SITE_008,2025-02-05,5.441660121374298,1.0561438,6.983136378968253,4.493646753674568
SITE_008,2025-02-06,5.441660121374298,1.0561438,6.983136378968253,4.493646753674568
SITE_008,2025-02-07,5.441660121374298,1.0561438,6.983136378968253,4.493646753674568
SITE_008,2025-02-08,5.441660121374298,1.0561438,6.983136378968253,4.493646753674568
SITE_008,2025-02-09,5.441660121374298,1.0561438,6.983136378968253,4.493646753674568
SITE_008,2025-02-10,5.441660121374298,1.0561438,6.983136378968253,4.493646753674568
SITE_008,2025-02-11,5.441660121374298,1.0561438,6.983136378968253,4.493646753674568
SITE_008,2025-02-12,5.441660121374298,1.0561438,6.983136378968253,4.493646753674568
SITE_008,2025-02-13,5.441660121374298,1.0561438,6.983136378968253,4.493646753674568
SITE_008,2025-02-14,5.441660121374298,1.0561438,6.983136378968253,4.493646753674568
SITE_008,2025-02-15,5.441660121374298,1.0561438,6.983136378968253,4.493646753674568
SITE_008,2025-02-16,5.441660121374298,1.0561438,6.983136378968253,4.493646753674568
SITE_008,2025-02-17,5.441660121374298,1.0561438,6.983136378968253,4.493646753674568
SITE_008,2025-02-18,5.441660121374298,1.0561438,6.983136378968253,4.493646753674568
SITE_008,2025-02-19,5.441660121374298,1.0561438,6.983136378968253,4.493646753674568
SITE_008,2025-02-20,5.441660121374298,1.0561438,6.983136378968253,4.493646753674568
SITE_008,2025-02-21,5.441660121374298,1.0561438,6.983136378968253,4.493646753674568
SITE_008,2025-02-22,5.441660121374298,1.0561438,6.983136378968253,4.493646753674568
SITE_008,2025-02-23,5.441660121374298,1.0561438,6.983136378968253,4.493646753674568
SITE_008,2025-02-24,5.441660121374298,1.0561438,6.983136378968253,4.493646753674568
SITE_008,2025-02-25,5.441660121374298,1.0561438,6.983136378968253,4.493646753674568
SITE_009,2025-01-01,0.0,1.2307305,4.973081544082811,1.9714698543288478
SITE_009,2025-01-02,0.0,1.2307305,4.973081544082811,1.9721804956732363
SITE_009,2025-01-03,0.0,1.2307305,4.973081544082811,1.9721752603986034
SITE_009,2025-01-04,0.0,1.2307305,4.973081544082811,1.9721753001350333
SITE_009,2025-01-05,0.0,1.2307305,4.973081544082811,1.9721753001350333
SITE_009,2025-01-06,0.0,1.2307305,4.973081544082811,1.9721753001350333
SITE_009,2025-01-07,0.0,1.2307305,4.973081544082811,1.9721753001350333
SITE_009,2025-01-08,0.0,1.2307305,4.973081544082811,1.9721753001350333
SITE_009,2025-01-09,0.0,1.2307305,4.973081544082811,1.9721753001350333
SITE_009,2025-01-10,0.0,1.2307305,4.973081544082811,1.9721753001350333
SITE_009,2025-01-11,0.0,1.2307305,4.973081544082811,1.9721753001350333
SITE_009,2025-01-12,0.0,1.2307305,4.973081544082811,1.9721753001350333
SITE_009,2025-01-13,0.0,1.2307305,4.973081544082811,1.9721753001350333
SITE_009,2025-01-14,0.0,1.2307305,4.973081544082811,1.9721753001350333
SITE_009,2025-01-15,0.0,1.2307305,4.973081544082811,1.9721753001350333
SITE_009,2025-01-16,0.0,1.2307305,4.973081544082811,1.9721753001350333
SITE_009,2025-01-17,0.0,1.2307305,4.973081544082811,1.9721753001350333
SITE_009,2025-01-18,0.0,1.2307305,4.973081544082811,1.9721753001350333
SITE_009,2025-01-19,0.0,1.2307305,4.973081544082811,1.9721753001350333
SITE_009,2025-01-20,0.0,1.2307305,4.973081544082811,1.9721753001350333
SITE_009,2025-01-21,0.0,1.2307305,4.973081544082811,1.9721753001350333
SITE_009,2025-01-22,0.0,1.2307305,4.973081544082811,1.9721753001350333
SITE_009,2025-01-23,0.0,1.2307305,4.973081544082811,1.9721753001350333
SITE_009,2025-01-24,0.0,1.2307305,4.973081544082811,1.9721753001350333
SITE_009,2025-01-25,0.0,1.2307305,4.973081544082811,1.9721753001350333
SITE_009,2025-01-26,0.0,1.2307305,4.973081544082811,1.9721753001350333
SITE_009,2025-01-27,0.0,1.2307305,4.973081544082811,1.9721753001350333
SITE_009,2025-01-28,0.0,1.2307305,4.973081544082811,1.9721753001350333
SITE_009,2025-01-29,0.0,1.2307305,4.973081544082811,1.9721753001350333
SITE_009,2025-01-30,0.0,1.2307305,4.973081544082811,1.9721753001350333
SITE_009,2025-01-31,0.0,1.2307305,4.973081544082811,1.9721753001350333
SITE_009,2025-02-01,0.0,1.2307305,4.973081544082811,1.9721753001350333
SITE_009,2025-02-02,0.0,1.2307305,4.973081544082811,1.9721753001350333
SITE_009,2025-02-03,0.0,1.2307305,4.973081544082811,1.9721753001350333
SITE_009,2025-02-04,0.0,1.2307305,4.973081544082811,1.9721753001350333
SITE_009,2025-02-05,0.0,1.2307305,4.973081544082811,1.9721753001350333
SITE_009,2025-02-06,0.0,1.2307305,4.973081544082811,1.9721753001350333
SITE_009,2025-02-07,0.0,1.2307305,4.973081544082811,1.9721753001350333
SITE_009,2025-02-08,0.0,1.2307305,4.973081544082811,1.9721753001350333
SITE_009,2025-02-09,0.0,1.2307305,4.973081544082811,1.9721753001350333
SITE_009,2025-02-10,0.0,1.2307305,4.973081544082811,1.9721753001350333
SITE_009,2025-02-11,0.0,1.2307305,4.973081544082811,1.9721753001350333
SITE_009,2025-02-12,0.0,1.2307305,4.973081544082811,1.9721753001350333
SITE_009,2025-02-13,0.0,1.2307305,4.973081544082811,1.9721753001350333
SITE_009,2025-02-14,0.0,1.2307305,4.973081544082811,1.9721753001350333
SITE_009,2025-02-15,0.0,1.2307305,4.973081544082811,1.9721753001350333
SITE_009,2025-02-16,0.0,1.2307305,4.973081544082811,1.9721753001350333
SITE_009,2025-02-17,0.0,1.2307305,4.973081544082811,1.9721753001350333
SITE_009,2025-02-18,0.0,1.2307305,4.973081544082811,1.9721753001350333
SITE_009,2025-02-19,0.0,1.2307305,4.973081544082811,1.9721753001350333
SITE_009,2025-02-20,0.0,1.2307305,4.973081544082811,1.9721753001350333
SITE_009,2025-02-21,0.0,1.2307305,4.973081544082811,1.9721753001350333
SITE_009,2025-02-22,0.0,1.2307305,4.973081544082811,1.9721753001350333
SITE_009,2025-02-23,0.0,1.2307305,4.973081544082811,1.9721753001350333
SITE_009,2025-02-24,0.0,1.2307305,4.973081544082811,1.9721753001350333
SITE_009,2025-02-25,0.0,1.2307305,4.973081544082811,1.9721753001350333
SITE_010,2025-01-01,36.73267114162445,30.982916,28.575749686338813,32.09711223541972
SITE_010,2025-01-02,36.72956144809723,30.982916,28.575749686338813,32.09607567091064
SITE_010,2025-01-03,36.72956347465515,30.982916,28.575749686338813,32.09607634642995
SITE_010,2025-01-04,36.72956347465515,30.982916,28.575749686338813,32.09607634642995
SITE_010,2025-01-05,36.72956347465515,30.982916,28.575749686338813,32.09607634642995
SITE_010,2025-01-06,36.72956347465515,30.982916,28.575749686338813,32.09607634642995
SITE_010,2025-01-07,36.72956347465515,30.982916,28.575749686338813,32.09607634642995
SITE_010,2025-01-08,36.72956347465515,30.982916,28.575749686338813,32.09607634642995
SITE_010,2025-01-09,36.72956347465515,30.982916,28.575749686338813,32.09607634642995
SITE_010,2025-01-10,36.72956347465515,30.982916,28.575749686338813,32.09607634642995
SITE_010,2025-01-11,36.72956347465515,30.982916,28.575749686338813,32.09607634642995
SITE_010,2025-01-12,36.72956347465515,30.982916,28.575749686338813,32.09607634642995
SITE_010,2025-01-13,36.72956347465515,30.982916,28.575749686338813,32.09607634642995
SITE_010,2025-01-14,36.72956347465515,30.982916,28.575749686338813,32.09607634642995
SITE_010,2025-01-15,36.72956347465515,30.982916,28.575749686338813,32.09607634642995
SITE_010,2025-01-16,36.72956347465515,30.982916,28.575749686338813,32.09607634642995
SITE_010,2025-01-17,36.72956347465515,30.982916,28.575749686338813,32.09607634642995
SITE_010,2025-01-18,36.72956347465515,30.982916,28.575749686338813,32.09607634642995
SITE_010,2025-01-19,36.72956347465515,30.982916,28.575749686338813,32.09607634642995
SITE_010,2025-01-20,36.72956347465515,30.982916,28.575749686338813,32.09607634642995
SITE_010,2025-01-21,36.72956347465515,30.982916,28.575749686338813,32.09607634642995
SITE_010,2025-01-22,36.72956347465515,30.982916,28.575749686338813,32.09607634642995
SITE_010,2025-01-23,36.72956347465515,30.982916,28.575749686338813,32.09607634642995
SITE_010,2025-01-24,36.72956347465515,30.982916,28.575749686338813,32.09607634642995
SITE_010,2025-01-25,36.72956347465515,30.982916,28.575749686338813,32.09607634642995
SITE_010,2025-01-26,36.72956347465515,30.982916,28.575749686338813,32.09607634642995
SITE_010,2025-01-27,36.72956347465515,30.982916,28.575749686338813,32.09607634642995
SITE_010,2025-01-28,36.72956347465515,30.982916,28.575749686338813,32.09607634642995
SITE_010,2025-01-29,36.72956347465515,30.982916,28.575749686338813,32.09607634642995
SITE_010,2025-01-30,36.72956347465515,30.982916,28.575749686338813,32.09607634642995
SITE_010,2025-01-31,36.72956347465515,30.982916,28.575749686338813,32.09607634642995
SITE_010,2025-02-01,36.72956347465515,30.982916,28.575749686338813,32.09607634642995
SITE_010,2025-02-02,36.72956347465515,30.982916,28.575749686338813,32.09607634642995
SITE_010,2025-02-03,36.72956347465515,30.982916,28.575749686338813,32.09607634642995
SITE_010,2025-02-04,36.72956347465515,30.982916,28.575749686338813,32.09607634642995
SITE_010,2025-02-05,36.72956347465515,30.982916,28.575749686338813,32.09607634642995
SITE_010,2025-02-06,36.72956347465515,30.982916,28.575749686338813,32.09607634642995
SITE_010,2025-02-07,36.72956347465515,30.982916,28.575749686338813,32.09607634642995
SITE_010,2025-02-08,36.72956347465515,30.982916,28.575749686338813,32.09607634642995
SITE_010,2025-02-09,36.72956347465515,30.982916,28.575749686338813,32.09607634642995
SITE_010,2025-02-10,36.72956347465515,30.982916,28.575749686338813,32.09607634642995
SITE_010,2025-02-11,36.72956347465515,30.982916,28.575749686338813,32.09607634642995
SITE_010,2025-02-12,36.72956347465515,30.982916,28.575749686338813,32.09607634642995
SITE_010,2025-02-13,36.72956347465515,30.982916,28.575749686338813,32.09607634642995
SITE_010,2025-02-14,36.72956347465515,30.982916,28.575749686338813,32.09607634642995
SITE_010,2025-02-15,36.72956347465515,30.982916,28.575749686338813,32.09607634642995
SITE_010,2025-02-16,36.72956347465515,30.982916,28.575749686338813,32.09607634642995
SITE_010,2025-02-17,36.72956347465515,30.982916,28.575749686338813,32.09607634642995
SITE_010,2025-02-18,36.72956347465515,30.982916,28.575749686338813,32.09607634642995
SITE_010,2025-02-19,36.72956347465515,30.982916,28.575749686338813,32.09607634642995
SITE_010,2025-02-20,36.72956347465515,30.982916,28.575749686338813,32.09607634642995
SITE_010,2025-02-21,36.72956347465515,30.982916,28.575749686338813,32.09607634642995
SITE_010,2025-02-22,36.72956347465515,30.982916,28.575749686338813,32.09607634642995
SITE_010,2025-02-23,36.72956347465515,30.982916,28.575749686338813,32.09607634642995
SITE_010,2025-02-24,36.72956347465515,30.982916,28.575749686338813,32.09607634642995
SITE_010,2025-02-25,36.72956347465515,30.982916,28.575749686338813,32.09607634642995
SITE_011,2025-01-01,2.261027717962861,4.880585,13.666068020708046,6.935893644101647
SITE_011,2025-01-02,2.376792300492525,4.880585,13.666068020708046,6.9744818382782015
SITE_011,2025-01-03,2.382719445042312,4.880585,13.666068020708046,6.976457553128131
SITE_011,2025-01-04,2.3830229146406054,4.880585,13.666068020708046,6.976558709660895
SITE_011,2025-01-05,2.3830384518951178,4.880585,13.666068020708046,6.976563888745733
SITE_011,2025-01-06,2.3830392472445965,4.880585,13.666068020708046,6.976564153862225
SITE_011,2025-01-07,2.3830392882227898,4.880585,13.666068020708046,6.976564167521623
SITE_011,2025-01-08,2.383039290085435,4.880585,13.666068020708046,6.976564168142505
SITE_011,2025-01-09,2.383039290085435,4.880585,13.666068020708046,6.976564168142505
SITE_011,2025-01-10,2.383039290085435,4.880585,13.666068020708046,6.976564168142505
SITE_011,2025-01-11,2.383039290085435,4.880585,13.666068020708046,6.976564168142505
SITE_011,2025-01-12,2.383039290085435,4.880585,13.666068020708046,6.976564168142505
SITE_011,2025-01-13,2.383039290085435,4.880585,13.666068020708046,6.976564168142505
SITE_011,2025-01-14,2.383039290085435,4.880585,13.666068020708046,6.976564168142505
SITE_011,2025-01-15,2.383039290085435,4.880585,13.666068020708046,6.976564168142505
SITE_011,2025-01-16,2.383039290085435,4.880585,13.666068020708046,6.976564168142505
SITE_011,2025-01-17,2.383039290085435,4.880585,13.666068020708046,6.976564168142505
SITE_011,2025-01-18,2.383039290085435,4.880585,13.666068020708046,6.976564168142505
SITE_011,2025-01-19,2.383039290085435,4.880585,13.666068020708046,6.976564168142505
SITE_011,2025-01-20,2.383039290085435,4.880585,13.666068020708046,6.976564168142505
SITE_011,2025-01-21,2.383039290085435,4.880585,13.666068020708046,6.976564168142505
SITE_011,2025-01-22,2.383039290085435,4.880585,13.666068020708046,6.976564168142505
SITE_011,2025-01-23,2.383039290085435,4.880585,13.666068020708046,6.976564168142505
SITE_011,2025-01-24,2.383039290085435,4.880585,13.666068020708046,6.976564168142505
SITE_011,2025-01-25,2.383039290085435,4.880585,13.666068020708046,6.976564168142505
SITE_011,2025-01-26,2.383039290085435,4.880585,13.666068020708046,6.976564168142505
SITE_011,2025-01-27,2.383039290085435,4.880585,13.666068020708046,6.976564168142505
SITE_011,2025-01-28,2.383039290085435,4.880585,13.666068020708046,6.976564168142505
SITE_011,2025-01-29,2.383039290085435,4.880585,13.666068020708046,6.976564168142505
SITE_011,2025-01-30,2.383039290085435,4.880585,13.666068020708046,6.976564168142505
SITE_011,2025-01-31,2.383039290085435,4.880585,13.666068020708046,6.976564168142505
SITE_011,2025-02-01,2.383039290085435,4.880585,13.666068020708046,6.976564168142505
SITE_011,2025-02-02,2.383039290085435,4.880585,13.666068020708046,6.976564168142505
SITE_011,2025-02-03,2.383039290085435,4.880585,13.666068020708046,6.976564168142505
SITE_011,2025-02-04,2.383039290085435,4.880585,13.666068020708046,6.976564168142505
SITE_011,2025-02-05,2.383039290085435,4.880585,13.666068020708046,6.976564168142505
SITE_011,2025-02-06,2.383039290085435,4.880585,13.666068020708046,6.976564168142505
SITE_011,2025-02-07,2.383039290085435,4.880585,13.666068020708046,6.976564168142505
SITE_011,2025-02-08,2.383039290085435,4.880585,13.666068020708046,6.976564168142505
SITE_011,2025-02-09,2.383039290085435,4.880585,13.666068020708046,6.976564168142505
SITE_011,2025-02-10,2.383039290085435,4.880585,13.666068020708046,6.976564168142505
SITE_011,2025-02-11,2.383039290085435,4.880585,13.666068020708046,6.976564168142505
SITE_011,2025-02-12,2.383039290085435,4.880585,13.666068020708046,6.976564168142505
SITE_011,2025-02-13,2.383039290085435,4.880585,13.666068020708046,6.976564168142505
SITE_011,2025-02-14,2.383039290085435,4.880585,13.666068020708046,6.976564168142505
SITE_011,2025-02-15,2.383039290085435,4.880585,13.666068020708046,6.976564168142505
SITE_011,2025-02-16,2.383039290085435,4.880585,13.666068020708046,6.976564168142505
SITE_011,2025-02-17,2.383039290085435,4.880585,13.666068020708046,6.976564168142505
SITE_011,2025-02-18,2.383039290085435,4.880585,13.666068020708046,6.976564168142505
SITE_011,2025-02-19,2.383039290085435,4.880585,13.666068020708046,6.976564168142505
SITE_011,2025-02-20,2.383039290085435,4.880585,13.666068020708046,6.976564168142505
SITE_011,2025-02-21,2.383039290085435,4.880585,13.666068020708046,6.976564168142505
SITE_011,2025-02-22,2.383039290085435,4.880585,13.666068020708046,6.976564168142505
SITE_011,2025-02-23,2.383039290085435,4.880585,13.666068020708046,6.976564168142505
SITE_011,2025-02-24,2.383039290085435,4.880585,13.666068020708046,6.976564168142505
SITE_011,2025-02-25,2.383039290085435,4.880585,13.666068020708046,6.976564168142505
SITE_012,2025-01-01,13.799058197066188,11.511474,11.63701957539216,12.31585047605301
SITE_012,2025-01-02,14.16868063993752,11.511474,11.63701957539216,12.439057957010121
SITE_012,2025-01-03,14.238064444623888,11.511474,11.63701957539216,12.462185891905577
SITE_012,2025-01-04,14.251088849268854,11.511474,11.63701957539216,12.466527360120566
SITE_012,2025-01-05,14.25353373028338,11.511474,11.63701957539216,12.46734232045874
SITE_012,2025-01-06,14.253992672078311,11.511474,11.63701957539216,12.46749530105705
SITE_012,2025-01-07,14.254078822210431,11.511474,11.63701957539216,12.467524017767758
SITE_012,2025-01-08,14.254094993695617,11.511474,11.63701957539216,12.46752940826282
SITE_012,2025-01-09,14.25409802980721,11.511474,11.63701957539216,12.467530420300017
SITE_012,2025-01-10,14.254098599776626,11.511474,11.63701957539216,12.467530610289822
SITE_012,2025-01-11,14.254098706878722,11.511474,11.63701957539216,12.467530645990522
SITE_012,2025-01-12,14.254098727367818,11.511474,11.63701957539216,12.467530652820221
SITE_012,2025-01-13,14.254098731093109,11.511474,11.63701957539216,12.467530654061983
SITE_012,2025-01-14,14.254098732024431,11.511474,11.63701957539216,12.467530654372425
SITE_012,2025-01-15,14.254098732024431,11.511474,11.63701957539216,12.467530654372425
SITE_012,2025-01-16,14.254098732024431,11.511474,11.63701957539216,12.467530654372425
SITE_012,2025-01-17,14.254098732024431,11.511474,11.63701957539216,12.467530654372425
SITE_012,2025-01-18,14.254098732024431,11.511474,11.63701957539216,12.467530654372425
SITE_012,2025-01-19,14.254098732024431,11.511474,11.63701957539216,12.467530654372425
SITE_012,2025-01-20,14.254098732024431,11.511474,11.63701957539216,12.467530654372425
SITE_012,2025-01-21,14.254098732024431,11.511474,11.63701957539216,12.467530654372425
SITE_012,2025-01-22,14.254098732024431,11.511474,11.63701957539216,12.467530654372425
SITE_012,2025-01-23,14.254098732024431,11.511474,11.63701957539216,12.467530654372425
SITE_012,2025-01-24,14.254098732024431,11.511474,11.63701957539216,12.467530654372425
SITE_012,2025-01-25,14.254098732024431,11.511474,11.63701957539216,12.467530654372425
SITE_012,2025-01-26,14.254098732024431,11.511474,11.63701957539216,12.467530654372425
SITE_012,2025-01-27,14.254098732024431,11.511474,11.63701957539216,12.467530654372425
SITE_012,2025-01-28,14.254098732024431,11.511474,11.63701957539216,12.467530654372425
SITE_012,2025-01-29,14.254098732024431,11.511474,11.63701957539216,12.467530654372425
SITE_012,2025-01-30,14.254098732024431,11.511474,11.63701957539216,12.467530654372425
SITE_012,2025-01-31,14.254098732024431,11.511474,11.63701957539216,12.467530654372425
SITE_012,2025-02-01,14.254098732024431,11.511474,11.63701957539216,12.467530654372425
SITE_012,2025-02-02,14.254098732024431,11.511474,11.63701957539216,12.467530654372425
SITE_012,2025-02-03,14.254098732024431,11.511474,11.63701957539216,12.467530654372425
SITE_012,2025-02-04,14.254098732024431,11.511474,11.63701957539216,12.467530654372425
SITE_012,2025-02-05,14.254098732024431,11.511474,11.63701957539216,12.467530654372425
SITE_012,2025-02-06,14.254098732024431,11.511474,11.63701957539216,12.467530654372425
SITE_012,2025-02-07,14.254098732024431,11.511474,11.63701957539216,12.467530654372425
SITE_012,2025-02-08,14.254098732024431,11.511474,11.63701957539216,12.467530654372425
SITE_012,2025-02-09,14.254098732024431,11.511474,11.63701957539216,12.467530654372425
SITE_012,2025-02-10,14.254098732024431,11.511474,11.63701957539216,12.467530654372425
SITE_012,2025-02-11,14.254098732024431,11.511474,11.63701957539216,12.467530654372425
SITE_012,2025-02-12,14.254098732024431,11.511474,11.63701957539216,12.467530654372425
SITE_012,2025-02-13,14.254098732024431,11.511474,11.63701957539216,12.467530654372425
SITE_012,2025-02-14,14.254098732024431,11.511474,11.63701957539216,12.467530654372425
SITE_012,2025-02-15,14.254098732024431,11.511474,11.63701957539216,12.467530654372425
SITE_012,2025-02-16,14.254098732024431,11.511474,11.63701957539216,12.467530654372425
SITE_012,2025-02-17,14.254098732024431,11.511474,11.63701957539216,12.467530654372425
SITE_012,2025-02-18,14.254098732024431,11.511474,11.63701957539216,12.467530654372425
SITE_012,2025-02-19,14.254098732024431,11.511474,11.63701957539216,12.467530654372425
SITE_012,2025-02-20,14.254098732024431,11.511474,11.63701957539216,12.467530654372425
SITE_012,2025-02-21,14.254098732024431,11.511474,11.63701957539216,12.467530654372425
SITE_012,2025-02-22,14.254098732024431,11.511474,11.63701957539216,12.467530654372425
SITE_012,2025-02-23,14.254098732024431,11.511474,11.63701957539216,12.467530654372425
SITE_012,2025-02-24,14.254098732024431,11.511474,11.63701957539216,12.467530654372425
SITE_012,2025-02-25,14.254098732024431,11.511474,11.63701957539216,12.467530654372425
SITE_013,2025-01-01,24.72419974207878,19.127934,20.818426523591256,21.55685325595577
SITE_013,2025-01-02,24.715327590703964,19.127934,20.818426523591256,21.553895872164162
SITE_013,2025-01-03,24.71533355116844,19.127934,20.818426523591256,21.553897858985653
SITE_013,2025-01-04,24.71533355116844,19.127934,20.818426523591256,21.553897858985653
SITE_013,2025-01-05,24.71533355116844,19.127934,20.818426523591256,21.553897858985653
SITE_013,2025-01-06,24.71533355116844,19.127934,20.818426523591256,21.553897858985653
SITE_013,2025-01-07,24.71533355116844,19.127934,20.818426523591256,21.553897858985653
SITE_013,2025-01-08,24.71533355116844,19.127934,20.818426523591256,21.553897858985653
SITE_013,2025-01-09,24.71533355116844,19.127934,20.818426523591256,21.553897858985653
SITE_013,2025-01-10,24.71533355116844,19.127934,20.818426523591256,21.553897858985653
SITE_013,2025-01-11,24.71533355116844,19.127934,20.818426523591256,21.553897858985653
SITE_013,2025-01-12,24.71533355116844,19.127934,20.818426523591256,21.553897858985653
SITE_013,2025-01-13,24.71533355116844,19.127934,20.818426523591256,21.553897858985653
SITE_013,2025-01-14,24.71533355116844,19.127934,20.818426523591256,21.553897858985653
SITE_013,2025-01-15,24.71533355116844,19.127934,20.818426523591256,21.553897858985653
SITE_013,2025-01-16,24.71533355116844,19.127934,20.818426523591256,21.553897858985653
SITE_013,2025-01-17,24.71533355116844,19.127934,20.818426523591256,21.553897858985653
SITE_013,2025-01-18,24.71533355116844,19.127934,20.818426523591256,21.553897858985653
SITE_013,2025-01-19,24.71533355116844,19.127934,20.818426523591256,21.553897858985653
SITE_013,2025-01-20,24.71533355116844,19.127934,20.818426523591256,21.553897858985653
SITE_013,2025-01-21,24.71533355116844,19.127934,20.818426523591256,21.553897858985653
SITE_013,2025-01-22,24.71533355116844,19.127934,20.818426523591256,21.553897858985653
SITE_013,2025-01-23,24.71533355116844,19.127934,20.818426523591256,21.553897858985653
SITE_013,2025-01-24,24.71533355116844,19.127934,20.818426523591256,21.553897858985653
SITE_013,2025-01-25,24.71533355116844,19.127934,20.818426523591256,21.553897858985653
SITE_013,2025-01-26,24.71533355116844,19.127934,20.818426523591256,21.553897858985653
SITE_013,2025-01-27,24.71533355116844,19.127934,20.818426523591256,21.553897858985653
SITE_013,2025-01-28,24.71533355116844,19.127934,20.818426523591256,21.553897858985653
SITE_013,2025-01-29,24.71533355116844,19.127934,20.818426523591256,21.553897858985653
SITE_013,2025-01-30,24.71533355116844,19.127934,20.818426523591256,21.553897858985653
SITE_013,2025-01-31,24.71533355116844,19.127934,20.818426523591256,21.553897858985653
SITE_013,2025-02-01,24.71533355116844,19.127934,20.818426523591256,21.553897858985653
SITE_013,2025-02-02,24.71533355116844,19.127934,20.818426523591256,21.553897858985653
SITE_013,2025-02-03,24.71533355116844,19.127934,20.818426523591256,21.553897858985653
SITE_013,2025-02-04,24.71533355116844,19.127934,20.818426523591256,21.553897858985653
SITE_013,2025-02-05,24.71533355116844,19.127934,20.818426523591256,21.553897858985653
SITE_013,2025-02-06,24.71533355116844,19.127934,20.818426523591256,21.553897858985653
SITE_013,2025-02-07,24.71533355116844,19.127934,20.818426523591256,21.553897858985653
SITE_013,2025-02-08,24.71533355116844,19.127934,20.818426523591256,21.553897858985653
SITE_013,2025-02-09,24.71533355116844,19.127934,20.818426523591256,21.553897858985653
SITE_013,2025-02-10,24.71533355116844,19.127934,20.818426523591256,21.553897858985653
SITE_013,2025-02-11,24.71533355116844,19.127934,20.818426523591256,21.553897858985653
SITE_013,2025-02-12,24.71533355116844,19.127934,20.818426523591256,21.553897858985653
SITE_013,2025-02-13,24.71533355116844,19.127934,20.818426523591256,21.553897858985653
SITE_013,2025-02-14,24.71533355116844,19.127934,20.818426523591256,21.553897858985653
SITE_013,2025-02-15,24.71533355116844,19.127934,20.818426523591256,21.553897858985653
SITE_013,2025-02-16,24.71533355116844,19.127934,20.818426523591256,21.553897858985653
SITE_013,2025-02-17,24.71533355116844,19.127934,20.818426523591256,21.553897858985653
SITE_013,2025-02-18,24.71533355116844,19.127934,20.818426523591256,21.553897858985653
SITE_013,2025-02-19,24.71533355116844,19.127934,20.818426523591256,21.553897858985653
SITE_013,2025-02-20,24.71533355116844,19.127934,20.818426523591256,21.553897858985653
SITE_013,2025-02-21,24.71533355116844,19.127934,20.818426523591256,21.553897858985653
SITE_013,2025-02-22,24.71533355116844,19.127934,20.818426523591256,21.553897858985653
SITE_013,2025-02-23,24.71533355116844,19.127934,20.818426523591256,21.553897858985653
SITE_013,2025-02-24,24.71533355116844,19.127934,20.818426523591256,21.553897858985653
SITE_013,2025-02-25,24.71533355116844,19.127934,20.818426523591256,21.553897858985653
SITE_014,2025-01-01,16.669220089912415,35.742035,31.14265840414105,27.851304468720944
SITE_014,2025-01-02,16.659483075141907,35.742035,31.14265840414105,27.848058797130776
SITE_014,2025-01-03,16.659478306770325,35.742035,31.14265840414105,27.84805720767358
SITE_014,2025-01-04,16.659478306770325,35.742035,31.14265840414105,27.84805720767358
SITE_014,2025-01-05,16.659478306770325,35.742035,31.14265840414105,27.84805720767358
SITE_014,2025-01-06,16.659478306770325,35.742035,31.14265840414105,27.84805720767358
SITE_014,2025-01-07,16.659478306770325,35.742035,31.14265840414105,27.84805720767358
SITE_014,2025-01-08,16.659478306770325,35.742035,31.14265840414105,27.84805720767358
SITE_014,2025-01-09,16.659478306770325,35.742035,31.14265840414105,27.84805720767358
SITE_014,2025-01-10,16.659478306770325,35.742035,31.14265840414105,27.84805720767358
SITE_014,2025-01-11,16.659478306770325,35.742035,31.14265840414105,27.84805720767358
SITE_014,2025-01-12,16.659478306770325,35.742035,31.14265840414105,27.84805720767358
SITE_014,2025-01-13,16.659478306770325,35.742035,31.14265840414105,27.84805720767358
SITE_014,2025-01-14,16.659478306770325,35.742035,31.14265840414105,27.84805720767358
SITE_014,2025-01-15,16.659478306770325,35.742035,31.14265840414105,27.84805720767358
SITE_014,2025-01-16,16.659478306770325,35.742035,31.14265840414105,27.84805720767358
SITE_014,2025-01-17,16.659478306770325,35.742035,31.14265840414105,27.84805720767358
SITE_014,2025-01-18,16.659478306770325,35.742035,31.14265840414105,27.84805720767358
SITE_014,2025-01-19,16.659478306770325,35.742035,31.14265840414105,27.84805720767358
SITE_014,2025-01-20,16.659478306770325,35.742035,31.14265840414105,27.84805720767358
SITE_014,2025-01-21,16.659478306770325,35.742035,31.14265840414105,27.84805720767358
SITE_014,2025-01-22,16.659478306770325,35.742035,31.14265840414105,27.84805720767358
SITE_014,2025-01-23,16.659478306770325,35.742035,31.14265840414105,27.84805720767358
SITE_014,2025-01-24,16.659478306770325,35.742035,31.14265840414105,27.84805720767358
SITE_014,2025-01-25,16.659478306770325,35.742035,31.14265840414105,27.84805720767358
SITE_014,2025-01-26,16.659478306770325,35.742035,31.14265840414105,27.84805720767358
SITE_014,2025-01-27,16.659478306770325,35.742035,31.14265840414105,27.84805720767358
SITE_014,2025-01-28,16.659478306770325,35.742035,31.14265840414105,27.84805720767358
SITE_014,2025-01-29,16.659478306770325,35.742035,31.14265840414105,27.84805720767358
SITE_014,2025-01-30,16.659478306770325,35.742035,31.14265840414105,27.84805720767358
SITE_014,2025-01-31,16.659478306770325,35.742035,31.14265840414105,27.84805720767358
SITE_014,2025-02-01,16.659478306770325,35.742035,31.14265840414105,27.84805720767358
SITE_014,2025-02-02,16.659478306770325,35.742035,31.14265840414105,27.84805720767358
SITE_014,2025-02-03,16.659478306770325,35.742035,31.14265840414105,27.84805720767358
SITE_014,2025-02-04,16.659478306770325,35.742035,31.14265840414105,27.84805720767358
SITE_014,2025-02-05,16.659478306770325,35.742035,31.14265840414105,27.84805720767358
SITE_014,2025-02-06,16.659478306770325,35.742035,31.14265840414105,27.84805720767358
SITE_014,2025-02-07,16.659478306770325,35.742035,31.14265840414105,27.84805720767358
SITE_014,2025-02-08,16.659478306770325,35.742035,31.14265840414105,27.84805720767358
SITE_014,2025-02-09,16.659478306770325,35.742035,31.14265840414105,27.84805720767358
SITE_014,2025-02-10,16.659478306770325,35.742035,31.14265840414105,27.84805720767358
SITE_014,2025-02-11,16.659478306770325,35.742035,31.14265840414105,27.84805720767358
SITE_014,2025-02-12,16.659478306770325,35.742035,31.14265840414105,27.84805720767358
SITE_014,2025-02-13,16.659478306770325,35.742035,31.14265840414105,27.84805720767358
SITE_014,2025-02-14,16.659478306770325,35.742035,31.14265840414105,27.84805720767358
SITE_014,2025-02-15,16.659478306770325,35.742035,31.14265840414105,27.84805720767358
SITE_014,2025-02-16,16.659478306770325,35.742035,31.14265840414105,27.84805720767358
SITE_014,2025-02-17,16.659478306770325,35.742035,31.14265840414105,27.84805720767358
SITE_014,2025-02-18,16.659478306770325,35.742035,31.14265840414105,27.84805720767358
SITE_014,2025-02-19,16.659478306770325,35.742035,31.14265840414105,27.84805720767358
SITE_014,2025-02-20,16.659478306770325,35.742035,31.14265840414105,27.84805720767358
SITE_014,2025-02-21,16.659478306770325,35.742035,31.14265840414105,27.84805720767358
SITE_014,2025-02-22,16.659478306770325,35.742035,31.14265840414105,27.84805720767358
SITE_014,2025-02-23,16.659478306770325,35.742035,31.14265840414105,27.84805720767358
SITE_014,2025-02-24,16.659478306770325,35.742035,31.14265840414105,27.84805720767358
SITE_014,2025-02-25,16.659478306770325,35.742035,31.14265840414105,27.84805720767358
SITE_015,2025-01-01,13.426314025186002,11.167599,10.723862910432585,11.772591886661274
SITE_015,2025-01-02,13.631900047883391,11.167599,10.723862910432585,11.841120560893737
SITE_015,2025-01-03,13.657888640649617,11.167599,10.723862910432585,11.849783425149147
SITE_015,2025-01-04,13.661173917353153,11.167599,10.723862910432585,11.850878517383657
SITE_015,2025-01-05,13.661589216440916,11.167599,10.723862910432585,11.851016950412912
SITE_015,2025-01-06,13.661641715560108,11.167599,10.723862910432585,11.85103445011931
SITE_015,2025-01-07,13.661648352164775,11.167599,10.723862910432585,11.851036662320865
SITE_015,2025-01-08,13.661649191286415,11.167599,10.723862910432585,11.85103694202808
SITE_015,2025-01-09,13.661649297457188,11.167599,10.723862910432585,11.851036977418337
SITE_015,2025-01-10,13.661649310961366,11.167599,10.723862910432585,11.851036981919728
SITE_015,2025-01-11,13.66164931282401,11.167599,10.723862910432585,11.851036982540611
SITE_015,2025-01-12,13.66164931282401,11.167599,10.723862910432585,11.851036982540611
SITE_015,2025-01-13,13.66164931282401,11.167599,10.723862910432585,11.851036982540611
SITE_015,2025-01-14,13.66164931282401,11.167599,10.723862910432585,11.851036982540611
SITE_015,2025-01-15,13.66164931282401,11.167599,10.723862910432585,11.851036982540611
SITE_015,2025-01-16,13.66164931282401,11.167599,10.723862910432585,11.851036982540611
SITE_015,2025-01-17,13.66164931282401,11.167599,10.723862910432585,11.851036982540611
SITE_015,2025-01-18,13.66164931282401,11.167599,10.723862910432585,11.851036982540611
SITE_015,2025-01-19,13.66164931282401,11.167599,10.723862910432585,11.851036982540611
SITE_015,2025-01-20,13.66164931282401,11.167599,10.723862910432585,11.851036982540611
SITE_015,2025-01-21,13.66164931282401,11.167599,10.723862910432585,11.851036982540611
SITE_015,2025-01-22,13.66164931282401,11.167599,10.723862910432585,11.851036982540611
SITE_015,2025-01-23,13.66164931282401,11.167599,10.723862910432585,11.851036982540611
SITE_015,2025-01-24,13.66164931282401,11.167599,10.723862910432585,11.851036982540611
SITE_015,2025-01-25,13.66164931282401,11.167599,10.723862910432585,11.851036982540611
SITE_015,2025-01-26,13.66164931282401,11.167599,10.723862910432585,11.851036982540611
SITE_015,2025-01-27,13.66164931282401,11.167599,10.723862910432585,11.851036982540611
SITE_015,2025-01-28,13.66164931282401,11.167599,10.723862910432585,11.851036982540611
SITE_015,2025-01-29,13.66164931282401,11.167599,10.723862910432585,11.851036982540611
SITE_015,2025-01-30,13.66164931282401,11.167599,10.723862910432585,11.851036982540611
SITE_015,2025-01-31,13.66164931282401,11.167599,10.723862910432585,11.851036982540611
SITE_015,2025-02-01,13.66164931282401,11.167599,10.723862910432585,11.851036982540611
SITE_015,2025-02-02,13.66164931282401,11.167599,10.723862910432585,11.851036982540611
SITE_015,2025-02-03,13.66164931282401,11.167599,10.723862910432585,11.851036982540611
SITE_015,2025-02-04,13.66164931282401,11.167599,10.723862910432585,11.851036982540611
SITE_015,2025-02-05,13.66164931282401,11.167599,10.723862910432585,11.851036982540611
SITE_015,2025-02-06,13.66164931282401,11.167599,10.723862910432585,11.851036982540611
SITE_015,2025-02-07,13.66164931282401,11.167599,10.723862910432585,11.851036982540611
SITE_015,2025-02-08,13.66164931282401,11.167599,10.723862910432585,11.851036982540611
SITE_015,2025-02-09,13.66164931282401,11.167599,10.723862910432585,11.851036982540611
SITE_015,2025-02-10,13.66164931282401,11.167599,10.723862910432585,11.851036982540611
SITE_015,2025-02-11,13.66164931282401,11.167599,10.723862910432585,11.851036982540611
SITE_015,2025-02-12,13.66164931282401,11.167599,10.723862910432585,11.851036982540611
SITE_015,2025-02-13,13.66164931282401,11.167599,10.723862910432585,11.851036982540611
SITE_015,2025-02-14,13.66164931282401,11.167599,10.723862910432585,11.851036982540611
SITE_015,2025-02-15,13.66164931282401,11.167599,10.723862910432585,11.851036982540611
SITE_015,2025-02-16,13.66164931282401,11.167599,10.723862910432585,11.851036982540611
SITE_015,2025-02-17,13.66164931282401,11.167599,10.723862910432585,11.851036982540611
SITE_015,2025-02-18,13.66164931282401,11.167599,10.723862910432585,11.851036982540611
SITE_015,2025-02-19,13.66164931282401,11.167599,10.723862910432585,11.851036982540611
SITE_015,2025-02-20,13.66164931282401,11.167599,10.723862910432585,11.851036982540611
SITE_015,2025-02-21,13.66164931282401,11.167599,10.723862910432585,11.851036982540611
SITE_015,2025-02-22,13.66164931282401,11.167599,10.723862910432585,11.851036982540611
SITE_015,2025-02-23,13.66164931282401,11.167599,10.723862910432585,11.851036982540611
SITE_015,2025-02-24,13.66164931282401,11.167599,10.723862910432585,11.851036982540611
SITE_015,2025-02-25,13.66164931282401,11.167599,10.723862910432585,11.851036982540611
SITE_016,2025-01-01,64.27674671146087,45.0918,41.336330977712294,50.234959459623475
SITE_016,2025-01-02,65.34172406233847,45.0918,41.336330977712294,50.58995190991601
SITE_016,2025-01-03,65.41969178803265,45.0918,41.336330977712294,50.61594115181407
SITE_016,2025-01-04,65.4253998589702,45.0918,41.336330977712294,50.61784384212658
SITE_016,2025-01-05,65.42581775086,45.0918,41.336330977712294,50.61798313942319
SITE_016,2025-01-06,65.42584834503941,45.0918,41.336330977712294,50.61799333748299
SITE_016,2025-01-07,65.4258505848702,45.0918,41.336330977712294,50.617994084093255
SITE_016,2025-01-08,65.42585074878298,45.0918,41.336330977712294,50.61799413873084
SITE_016,2025-01-09,65.42585076089017,45.0918,41.336330977712294,50.61799414276658
SITE_016,2025-01-10,65.4258507618215,45.0918,41.336330977712294,50.61799414307702
SITE_016,2025-01-11,65.4258507618215,45.0918,41.336330977712294,50.61799414307702
SITE_016,2025-01-12,65.4258507618215,45.0918,41.336330977712294,50.61799414307702
SITE_016,2025-01-13,65.4258507618215,45.0918,41.336330977712294,50.61799414307702
SITE_016,2025-01-14,65.4258507618215,45.0918,41.336330977712294,50.61799414307702
SITE_016,2025-01-15,65.4258507618215,45.0918,41.336330977712294,50.61799414307702
SITE_016,2025-01-16,65.4258507618215,45.0918,41.336330977712294,50.61799414307702
SITE_016,2025-01-17,65.4258507618215,45.0918,41.336330977712294,50.61799414307702
SITE_016,2025-01-18,65.4258507618215,45.0918,41.336330977712294,50.61799414307702
SITE_016,2025-01-19,65.4258507618215,45.0918,41.336330977712294,50.61799414307702
SITE_016,2025-01-20,65.4258507618215,45.0918,41.336330977712294,50.61799414307702
SITE_016,2025-01-21,65.4258507618215,45.0918,41.336330977712294,50.61799414307702
SITE_016,2025-01-22,65.4258507618215,45.0918,41.336330977712294,50.61799414307702
SITE_016,2025-01-23,65.4258507618215,45.0918,41.336330977712294,50.61799414307702
SITE_016,2025-01-24,65.4258507618215,45.0918,41.336330977712294,50.61799414307702
SITE_016,2025-01-25,65.4258507618215,45.0918,41.336330977712294,50.61799414307702
SITE_016,2025-01-26,65.4258507618215,45.0918,41.336330977712294,50.61799414307702
SITE_016,2025-01-27,65.4258507618215,45.0918,41.336330977712294,50.61799414307702
SITE_016,2025-01-28,65.4258507618215,45.0918,41.336330977712294,50.61799414307702
SITE_016,2025-01-29,65.4258507618215,45.0918,41.336330977712294,50.61799414307702
SITE_016,2025-01-30,65.4258507618215,45.0918,41.336330977712294,50.61799414307702
SITE_016,2025-01-31,65.4258507618215,45.0918,41.336330977712294,50.61799414307702
SITE_016,2025-02-01,65.4258507618215,45.0918,41.336330977712294,50.61799414307702
SITE_016,2025-02-02,65.4258507618215,45.0918,41.336330977712294,50.61799414307702
SITE_016,2025-02-03,65.4258507618215,45.0918,41.336330977712294,50.61799414307702
SITE_016,2025-02-04,65.4258507618215,45.0918,41.336330977712294,50.61799414307702
SITE_016,2025-02-05,65.4258507618215,45.0918,41.336330977712294,50.61799414307702
SITE_016,2025-02-06,65.4258507618215,45.0918,41.336330977712294,50.61799414307702
SITE_016,2025-02-07,65.4258507618215,45.0918,41.336330977712294,50.61799414307702
SITE_016,2025-02-08,65.4258507618215,45.0918,41.336330977712294,50.61799414307702
SITE_016,2025-02-09,65.4258507618215,45.0918,41.336330977712294,50.61799414307702
SITE_016,2025-02-10,65.4258507618215,45.0918,41.336330977712294,50.61799414307702
SITE_016,2025-02-11,65.4258507618215,45.0918,41.336330977712294,50.61799414307702
SITE_016,2025-02-12,65.4258507618215,45.0918,41.336330977712294,50.61799414307702
SITE_016,2025-02-13,65.4258507618215,45.0918,41.336330977712294,50.61799414307702
SITE_016,2025-02-14,65.4258507618215,45.0918,41.336330977712294,50.61799414307702
SITE_016,2025-02-15,65.4258507618215,45.0918,41.336330977712294,50.61799414307702
SITE_016,2025-02-16,65.4258507618215,45.0918,41.336330977712294,50.61799414307702
SITE_016,2025-02-17,65.4258507618215,45.0918,41.336330977712294,50.61799414307702
SITE_016,2025-02-18,65.4258507618215,45.0918,41.336330977712294,50.61799414307702
SITE_016,2025-02-19,65.4258507618215,45.0918,41.336330977712294,50.61799414307702
SITE_016,2025-02-20,65.4258507618215,45.0918,41.336330977712294,50.61799414307702
SITE_016,2025-02-21,65.4258507618215,45.0918,41.336330977712294,50.61799414307702
SITE_016,2025-02-22,65.4258507618215,45.0918,41.336330977712294,50.61799414307702
SITE_016,2025-02-23,65.4258507618215,45.0918,41.336330977712294,50.61799414307702
SITE_016,2025-02-24,65.4258507618215,45.0918,41.336330977712294,50.61799414307702
SITE_016,2025-02-25,65.4258507618215,45.0918,41.336330977712294,50.61799414307702
SITE_017,2025-01-01,41.933041140437126,37.45002,35.37287090167333,38.25197729284542
SITE_017,2025-01-02,41.94247995316982,37.45002,35.37287090167333,38.255123563756314
SITE_017,2025-01-03,41.94250401854515,37.45002,35.37287090167333,38.25513158554809
SITE_017,2025-01-04,41.942504078149796,37.45002,35.37287090167333,38.2551316054163
SITE_017,2025-01-05,41.942504078149796,37.45002,35.37287090167333,38.2551316054163
SITE_017,2025-01-06,41.942504078149796,37.45002,35.37287090167333,38.2551316054163
SITE_017,2025-01-07,41.942504078149796,37.45002,35.37287090167333,38.2551316054163
SITE_017,2025-01-08,41.942504078149796,37.45002,35.37287090167333,38.2551316054163
SITE_017,2025-01-09,41.942504078149796,37.45002,35.37287090167333,38.2551316054163
SITE_017,2025-01-10,41.942504078149796,37.45002,35.37287090167333,38.2551316054163
SITE_017,2025-01-11,41.942504078149796,37.45002,35.37287090167333,38.2551316054163
SITE_017,2025-01-12,41.942504078149796,37.45002,35.37287090167333,38.2551316054163
SITE_017,2025-01-13,41.942504078149796,37.45002,35.37287090167333,38.2551316054163
SITE_017,2025-01-14,41.942504078149796,37.45002,35.37287090167333,38.2551316054163
SITE_017,2025-01-15,41.942504078149796,37.45002,35.37287090167333,38.2551316054163
SITE_017,2025-01-16,41.942504078149796,37.45002,35.37287090167333,38.2551316054163
SITE_017,2025-01-17,41.942504078149796,37.45002,35.37287090167333,38.2551316054163
SITE_017,2025-01-18,41.942504078149796,37.45002,35.37287090167333,38.2551316054163
SITE_017,2025-01-19,41.942504078149796,37.45002,35.37287090167333,38.2551316054163
SITE_017,2025-01-20,41.942504078149796,37.45002,35.37287090167333,38.2551316054163
SITE_017,2025-01-21,41.942504078149796,37.45002,35.37287090167333,38.2551316054163
SITE_017,2025-01-22,41.942504078149796,37.45002,35.37287090167333,38.2551316054163
SITE_017,2025-01-23,41.942504078149796,37.45002,35.37287090167333,38.2551316054163
SITE_017,2025-01-24,41.942504078149796,37.45002,35.37287090167333,38.2551316054163
SITE_017,2025-01-25,41.942504078149796,37.45002,35.37287090167333,38.2551316054163
SITE_017,2025-01-26,41.942504078149796,37.45002,35.37287090167333,38.2551316054163
SITE_017,2025-01-27,41.942504078149796,37.45002,35.37287090167333,38.2551316054163
SITE_017,2025-01-28,41.942504078149796,37.45002,35.37287090167333,38.2551316054163
SITE_017,2025-01-29,41.942504078149796,37.45002,35.37287090167333,38.2551316054163
SITE_017,2025-01-30,41.942504078149796,37.45002,35.37287090167333,38.2551316054163
SITE_017,2025-01-31,41.942504078149796,37.45002,35.37287090167333,38.2551316054163
SITE_017,2025-02-01,41.942504078149796,37.45002,35.37287090167333,38.2551316054163
SITE_017,2025-02-02,41.942504078149796,37.45002,35.37287090167333,38.2551316054163
SITE_017,2025-02-03,41.942504078149796,37.45002,35.37287090167333,38.2551316054163
SITE_017,2025-02-04,41.942504078149796,37.45002,35.37287090167333,38.2551316054163
SITE_017,2025-02-05,41.942504078149796,37.45002,35.37287090167333,38.2551316054163
SITE_017,2025-02-06,41.942504078149796,37.45002,35.37287090167333,38.2551316054163
SITE_017,2025-02-07,41.942504078149796,37.45002,35.37287090167333,38.2551316054163
SITE_017,2025-02-08,41.942504078149796,37.45002,35.37287090167333,38.2551316054163
SITE_017,2025-02-09,41.942504078149796,37.45002,35.37287090167333,38.2551316054163
SITE_017,2025-02-10,41.942504078149796,37.45002,35.37287090167333,38.2551316054163
SITE_017,2025-02-11,41.942504078149796,37.45002,35.37287090167333,38.2551316054163
SITE_017,2025-02-12,41.942504078149796,37.45002,35.37287090167333,38.2551316054163
SITE_017,2025-02-13,41.942504078149796,37.45002,35.37287090167333,38.2551316054163
SITE_017,2025-02-14,41.942504078149796,37.45002,35.37287090167333,38.2551316054163
SITE_017,2025-02-15,41.942504078149796,37.45002,35.37287090167333,38.2551316054163
SITE_017,2025-02-16,41.942504078149796,37.45002,35.37287090167333,38.2551316054163
SITE_017,2025-02-17,41.942504078149796,37.45002,35.37287090167333,38.2551316054163
SITE_017,2025-02-18,41.942504078149796,37.45002,35.37287090167333,38.2551316054163
SITE_017,2025-02-19,41.942504078149796,37.45002,35.37287090167333,38.2551316054163
SITE_017,2025-02-20,41.942504078149796,37.45002,35.37287090167333,38.2551316054163
SITE_017,2025-02-21,41.942504078149796,37.45002,35.37287090167333,38.2551316054163
SITE_017,2025-02-22,41.942504078149796,37.45002,35.37287090167333,38.2551316054163
SITE_017,2025-02-23,41.942504078149796,37.45002,35.37287090167333,38.2551316054163
SITE_017,2025-02-24,41.942504078149796,37.45002,35.37287090167333,38.2551316054163
SITE_017,2025-02-25,41.942504078149796,37.45002,35.37287090167333,38.2551316054163
SITE_018,2025-01-01,40.9840416200459,36.71398,36.56611392686102,38.088045725108294
SITE_018,2025-01-02,41.156477799639106,36.71398,36.56611392686102,38.14552445163937
SITE_018,2025-01-03,41.16869379300624,36.71398,36.56611392686102,38.14959644942841
SITE_018,2025-01-04,41.16955921705812,36.71398,36.56611392686102,38.14988492411237
SITE_018,2025-01-05,41.16962052695453,36.71398,36.56611392686102,38.149905360744505
SITE_018,2025-01-06,41.16962487064302,36.71398,36.56611392686102,38.14990680864067
SITE_018,2025-01-07,41.16962517797947,36.71398,36.56611392686102,38.149906911086156
SITE_018,2025-01-08,41.16962519939989,36.71398,36.56611392686102,38.14990691822629
SITE_018,2025-01-09,41.169625201262534,36.71398,36.56611392686102,38.14990691884717
SITE_018,2025-01-10,41.169625201262534,36.71398,36.56611392686102,38.14990691884717
SITE_018,2025-01-11,41.169625201262534,36.71398,36.56611392686102,38.14990691884717
SITE_018,2025-01-12,41.169625201262534,36.71398,36.56611392686102,38.14990691884717
SITE_018,2025-01-13,41.169625201262534,36.71398,36.56611392686102,38.14990691884717
SITE_018,2025-01-14,41.169625201262534,36.71398,36.56611392686102,38.14990691884717
SITE_018,2025-01-15,41.169625201262534,36.71398,36.56611392686102,38.14990691884717
SITE_018,2025-01-16,41.169625201262534,36.71398,36.56611392686102,38.14990691884717
SITE_018,2025-01-17,41.169625201262534,36.71398,36.56611392686102,38.14990691884717
SITE_018,2025-01-18,41.169625201262534,36.71398,36.56611392686102,38.14990691884717
SITE_018,2025-01-19,41.169625201262534,36.71398,36.56611392686102,38.14990691884717
SITE_018,2025-01-20,41.169625201262534,36.71398,36.56611392686102,38.14990691884717
SITE_018,2025-01-21,41.169625201262534,36.71398,36.56611392686102,38.14990691884717
SITE_018,2025-01-22,41.169625201262534,36.71398,36.56611392686102,38.14990691884717
SITE_018,2025-01-23,41.169625201262534,36.71398,36.56611392686102,38.14990691884717
SITE_018,2025-01-24,41.169625201262534,36.71398,36.56611392686102,38.14990691884717
SITE_018,2025-01-25,41.169625201262534,36.71398,36.56611392686102,38.14990691884717
SITE_018,2025-01-26,41.169625201262534,36.71398,36.56611392686102,38.14990691884717
SITE_018,2025-01-27,41.169625201262534,36.71398,36.56611392686102,38.14990691884717
SITE_018,2025-01-28,41.169625201262534,36.71398,36.56611392686102,38.14990691884717
SITE_018,2025-01-29,41.169625201262534,36.71398,36.56611392686102,38.14990691884717
SITE_018,2025-01-30,41.169625201262534,36.71398,36.56611392686102,38.14990691884717
SITE_018,2025-01-31,41.169625201262534,36.71398,36.56611392686102,38.14990691884717
SITE_018,2025-02-01,41.169625201262534,36.71398,36.56611392686102,38.14990691884717
SITE_018,2025-02-02,41.169625201262534,36.71398,36.56611392686102,38.14990691884717
SITE_018,2025-02-03,41.169625201262534,36.71398,36.56611392686102,38.14990691884717
SITE_018,2025-02-04,41.169625201262534,36.71398,36.56611392686102,38.14990691884717
SITE_018,2025-02-05,41.169625201262534,36.71398,36.56611392686102,38.14990691884717
SITE_018,2025-02-06,41.169625201262534,36.71398,36.56611392686102,38.14990691884717
SITE_018,2025-02-07,41.169625201262534,36.71398,36.56611392686102,38.14990691884717
SITE_018,2025-02-08,41.169625201262534,36.71398,36.56611392686102,38.14990691884717
SITE_018,2025-02-09,41.169625201262534,36.71398,36.56611392686102,38.14990691884717
SITE_018,2025-02-10,41.169625201262534,36.71398,36.56611392686102,38.14990691884717
SITE_018,2025-02-11,41.169625201262534,36.71398,36.56611392686102,38.14990691884717
SITE_018,2025-02-12,41.169625201262534,36.71398,36.56611392686102,38.14990691884717
SITE_018,2025-02-13,41.169625201262534,36.71398,36.56611392686102,38.14990691884717
SITE_018,2025-02-14,41.169625201262534,36.71398,36.56611392686102,38.14990691884717
SITE_018,2025-02-15,41.169625201262534,36.71398,36.56611392686102,38.14990691884717
SITE_018,2025-02-16,41.169625201262534,36.71398,36.56611392686102,38.14990691884717
SITE_018,2025-02-17,41.169625201262534,36.71398,36.56611392686102,38.14990691884717
SITE_018,2025-02-18,41.169625201262534,36.71398,36.56611392686102,38.14990691884717
SITE_018,2025-02-19,41.169625201262534,36.71398,36.56611392686102,38.14990691884717
SITE_018,2025-02-20,41.169625201262534,36.71398,36.56611392686102,38.14990691884717
SITE_018,2025-02-21,41.169625201262534,36.71398,36.56611392686102,38.14990691884717
SITE_018,2025-02-22,41.169625201262534,36.71398,36.56611392686102,38.14990691884717
SITE_018,2025-02-23,41.169625201262534,36.71398,36.56611392686102,38.14990691884717
SITE_018,2025-02-24,41.169625201262534,36.71398,36.56611392686102,38.14990691884717
SITE_018,2025-02-25,41.169625201262534,36.71398,36.56611392686102,38.14990691884717
SITE_019,2025-01-01,19.88285205606371,15.656121,14.029013252178945,16.522662187403313
SITE_019,2025-01-02,20.336267517879605,15.656121,14.029013252178945,16.673800674675277
SITE_019,2025-01-03,20.42042553331703,15.656121,14.029013252178945,16.701853346487752
SITE_019,2025-01-04,20.4360460229218,15.656121,14.029013252178945,16.70706017635601
SITE_019,2025-01-05,20.438945327419788,15.656121,14.029013252178945,16.70802661118867
SITE_019,2025-01-06,20.439483464695513,15.656121,14.029013252178945,16.70820599028058
SITE_019,2025-01-07,20.439583347644657,15.656121,14.029013252178945,16.70823928459696
SITE_019,2025-01-08,20.43960188701749,15.656121,14.029013252178945,16.708245464387904
SITE_019,2025-01-09,20.4396053282544,15.656121,14.029013252178945,16.708246611466876
SITE_019,2025-01-10,20.439605967141688,15.656121,14.029013252178945,16.708246824429306
SITE_019,2025-01-11,20.439606085885316,15.656121,14.029013252178945,16.708246864010516
SITE_019,2025-01-12,20.439606107771397,15.656121,14.029013252178945,16.708246871305874
SITE_019,2025-01-13,20.439606111962348,15.656121,14.029013252178945,16.70824687270286
SITE_019,2025-01-14,20.43960611289367,15.656121,14.029013252178945,16.708246873013298
SITE_019,2025-01-15,20.43960611289367,15.656121,14.029013252178945,16.708246873013298
SITE_019,2025-01-16,20.43960611289367,15.656121,14.029013252178945,16.708246873013298
SITE_019,2025-01-17,20.43960611289367,15.656121,14.029013252178945,16.708246873013298
SITE_019,2025-01-18,20.43960611289367,15.656121,14.029013252178945,16.708246873013298
SITE_019,2025-01-19,20.43960611289367,15.656121,14.029013252178945,16.708246873013298
SITE_019,2025-01-20,20.43960611289367,15.656121,14.029013252178945,16.708246873013298
SITE_019,2025-01-21,20.43960611289367,15.656121,14.029013252178945,16.708246873013298
SITE_019,2025-01-22,20.43960611289367,15.656121,14.029013252178945,16.708246873013298
SITE_019,2025-01-23,20.43960611289367,15.656121,14.029013252178945,16.708246873013298
SITE_019,2025-01-24,20.43960611289367,15.656121,14.029013252178945,16.708246873013298
SITE_019,2025-01-25,20.43960611289367,15.656121,14.029013252178945,16.708246873013298
SITE_019,2025-01-26,20.43960611289367,15.656121,14.029013252178945,16.708246873013298
SITE_019,2025-01-27,20.43960611289367,15.656121,14.029013252178945,16.708246873013298
SITE_019,2025-01-28,20.43960611289367,15.656121,14.029013252178945,16.708246873013298
SITE_019,2025-01-29,20.43960611289367,15.656121,14.029013252178945,16.708246873013298
SITE_019,2025-01-30,20.43960611289367,15.656121,14.029013252178945,16.708246873013298
SITE_019,2025-01-31,20.43960611289367,15.656121,14.029013252178945,16.708246873013298
SITE_019,2025-02-01,20.43960611289367,15.656121,14.029013252178945,16.708246873013298
SITE_019,2025-02-02,20.43960611289367,15.656121,14.029013252178945,16.708246873013298
SITE_019,2025-02-03,20.43960611289367,15.656121,14.029013252178945,16.708246873013298
SITE_019,2025-02-04,20.43960611289367,15.656121,14.029013252178945,16.708246873013298
SITE_019,2025-02-05,20.43960611289367,15.656121,14.029013252178945,16.708246873013298
SITE_019,2025-02-06,20.43960611289367,15.656121,14.029013252178945,16.708246873013298
SITE_019,2025-02-07,20.43960611289367,15.656121,14.029013252178945,16.708246873013298
SITE_019,2025-02-08,20.43960611289367,15.656121,14.029013252178945,16.708246873013298
SITE_019,2025-02-09,20.43960611289367,15.656121,14.029013252178945,16.708246873013298
SITE_019,2025-02-10,20.43960611289367,15.656121,14.029013252178945,16.708246873013298
SITE_019,2025-02-11,20.43960611289367,15.656121,14.029013252178945,16.708246873013298
SITE_019,2025-02-12,20.43960611289367,15.656121,14.029013252178945,16.708246873013298
SITE_019,2025-02-13,20.43960611289367,15.656121,14.029013252178945,16.708246873013298
SITE_019,2025-02-14,20.43960611289367,15.656121,14.029013252178945,16.708246873013298
SITE_019,2025-02-15,20.43960611289367,15.656121,14.029013252178945,16.708246873013298
SITE_019,2025-02-16,20.43960611289367,15.656121,14.029013252178945,16.708246873013298
SITE_019,2025-02-17,20.43960611289367,15.656121,14.029013252178945,16.708246873013298
SITE_019,2025-02-18,20.43960611289367,15.656121,14.029013252178945,16.708246873013298
SITE_019,2025-02-19,20.43960611289367,15.656121,14.029013252178945,16.708246873013298
SITE_019,2025-02-20,20.43960611289367,15.656121,14.029013252178945,16.708246873013298
SITE_019,2025-02-21,20.43960611289367,15.656121,14.029013252178945,16.708246873013298
SITE_019,2025-02-22,20.43960611289367,15.656121,14.029013252178945,16.708246873013298
SITE_019,2025-02-23,20.43960611289367,15.656121,14.029013252178945,16.708246873013298
SITE_019,2025-02-24,20.43960611289367,15.656121,14.029013252178945,16.708246873013298
SITE_019,2025-02-25,20.43960611289367,15.656121,14.029013252178945,16.708246873013298
SITE_020,2025-01-01,0.0,5.8339105,17.889622888037138,7.168688840845334
SITE_020,2025-01-02,0.0,5.8339105,17.889622888037138,7.081160177545978
SITE_020,2025-01-03,0.0,5.8339105,17.889622888037138,7.070795287136964
SITE_020,2025-01-04,0.0,5.8339105,17.889622888037138,7.069567906894766
SITE_020,2025-01-05,0.0,5.8339105,17.889622888037138,7.06942256407289
SITE_020,2025-01-06,0.0,5.8339105,17.889622888037138,7.0694053529988805
SITE_020,2025-01-07,0.0,5.8339105,17.889622888037138,7.069403314915841
SITE_020,2025-01-08,0.0,5.8339105,17.889622888037138,7.069403073586879
SITE_020,2025-01-09,0.0,5.8339105,17.889622888037138,7.06940304502632
SITE_020,2025-01-10,0.0,5.8339105,17.889622888037138,7.0694030416502756
SITE_020,2025-01-11,0.0,5.8339105,17.889622888037138,7.069403041262224
SITE_020,2025-01-12,0.0,5.8339105,17.889622888037138,7.06940304122342
SITE_020,2025-01-13,0.0,5.8339105,17.889622888037138,7.06940304122342
SITE_020,2025-01-14,0.0,5.8339105,17.889622888037138,7.06940304122342
SITE_020,2025-01-15,0.0,5.8339105,17.889622888037138,7.06940304122342
SITE_020,2025-01-16,0.0,5.8339105,17.889622888037138,7.06940304122342
SITE_020,2025-01-17,0.0,5.8339105,17.889622888037138,7.06940304122342
SITE_020,2025-01-18,0.0,5.8339105,17.889622888037138,7.06940304122342
SITE_020,2025-01-19,0.0,5.8339105,17.889622888037138,7.06940304122342
SITE_020,2025-01-20,0.0,5.8339105,17.889622888037138,7.06940304122342
SITE_020,2025-01-21,0.0,5.8339105,17.889622888037138,7.06940304122342
SITE_020,2025-01-22,0.0,5.8339105,17.889622888037138,7.06940304122342
SITE_020,2025-01-23,0.0,5.8339105,17.889622888037138,7.06940304122342
SITE_020,2025-01-24,0.0,5.8339105,17.889622888037138,7.06940304122342
SITE_020,2025-01-25,0.0,5.8339105,17.889622888037138,7.06940304122342
SITE_020,2025-01-26,0.0,5.8339105,17.889622888037138,7.06940304122342
SITE_020,2025-01-27,0.0,5.8339105,17.889622888037138,7.06940304122342
SITE_020,2025-01-28,0.0,5.8339105,17.889622888037138,7.06940304122342
SITE_020,2025-01-29,0.0,5.8339105,17.889622888037138,7.06940304122342
SITE_020,2025-01-30,0.0,5.8339105,17.889622888037138,7.06940304122342
SITE_020,2025-01-31,0.0,5.8339105,17.889622888037138,7.06940304122342
SITE_020,2025-02-01,0.0,5.8339105,17.889622888037138,7.06940304122342
SITE_020,2025-02-02,0.0,5.8339105,17.889622888037138,7.06940304122342
SITE_020,2025-02-03,0.0,5.8339105,17.889622888037138,7.06940304122342
SITE_020,2025-02-04,0.0,5.8339105,17.889622888037138,7.06940304122342
SITE_020,2025-02-05,0.0,5.8339105,17.889622888037138,7.06940304122342
SITE_020,2025-02-06,0.0,5.8339105,17.889622888037138,7.06940304122342
SITE_020,2025-02-07,0.0,5.8339105,17.889622888037138,7.06940304122342
SITE_020,2025-02-08,0.0,5.8339105,17.889622888037138,7.06940304122342
SITE_020,2025-02-09,0.0,5.8339105,17.889622888037138,7.06940304122342
SITE_020,2025-02-10,0.0,5.8339105,17.889622888037138,7.06940304122342
SITE_020,2025-02-11,0.0,5.8339105,17.889622888037138,7.06940304122342
SITE_020,2025-02-12,0.0,5.8339105,17.889622888037138,7.06940304122342
SITE_020,2025-02-13,0.0,5.8339105,17.889622888037138,7.06940304122342
SITE_020,2025-02-14,0.0,5.8339105,17.889622888037138,7.06940304122342
SITE_020,2025-02-15,0.0,5.8339105,17.889622888037138,7.06940304122342
SITE_020,2025-02-16,0.0,5.8339105,17.889622888037138,7.06940304122342
SITE_020,2025-02-17,0.0,5.8339105,17.889622888037138,7.06940304122342
SITE_020,2025-02-18,0.0,5.8339105,17.889622888037138,7.06940304122342
SITE_020,2025-02-19,0.0,5.8339105,17.889622888037138,7.06940304122342
SITE_020,2025-02-20,0.0,5.8339105,17.889622888037138,7.06940304122342
SITE_020,2025-02-21,0.0,5.8339105,17.889622888037138,7.06940304122342
SITE_020,2025-02-22,0.0,5.8339105,17.889622888037138,7.06940304122342
SITE_020,2025-02-23,0.0,5.8339105,17.889622888037138,7.06940304122342
SITE_020,2025-02-24,0.0,5.8339105,17.889622888037138,7.06940304122342
SITE_020,2025-02-25,0.0,5.8339105,17.889622888037138,7.06940304122342
SITE_021,2025-01-01,0.0,1.4144714,16.390424721409808,5.593520962012701
SITE_021,2025-01-02,0.0,1.4144714,16.390424721409808,5.620645738051974
SITE_021,2025-01-03,0.0,1.4144714,16.390424721409808,5.618490911477326
SITE_021,2025-01-04,0.0,1.4144714,16.390424721409808,5.618662093611204
SITE_021,2025-01-05,0.0,1.4144714,16.390424721409808,5.6186484946718
SITE_021,2025-01-06,0.0,1.4144714,16.390424721409808,5.618649575005986
SITE_021,2025-01-07,0.0,1.4144714,16.390424721409808,5.61864948916909
SITE_021,2025-01-08,0.0,1.4144714,16.390424721409808,5.618649495998788
SITE_021,2025-01-09,0.0,1.4144714,16.390424721409808,5.618649495455517
SITE_021,2025-01-10,0.0,1.4144714,16.390424721409808,5.618649495533127
SITE_021,2025-01-11,0.0,1.4144714,16.390424721409808,5.618649495533127
SITE_021,2025-01-12,0.0,1.4144714,16.390424721409808,5.618649495533127
SITE_021,2025-01-13,0.0,1.4144714,16.390424721409808,5.618649495533127
SITE_021,2025-01-14,0.0,1.4144714,16.390424721409808,5.618649495533127
SITE_021,2025-01-15,0.0,1.4144714,16.390424721409808,5.618649495533127
SITE_021,2025-01-16,0.0,1.4144714,16.390424721409808,5.618649495533127
SITE_021,2025-01-17,0.0,1.4144714,16.390424721409808,5.618649495533127
SITE_021,2025-01-18,0.0,1.4144714,16.390424721409808,5.618649495533127
SITE_021,2025-01-19,0.0,1.4144714,16.390424721409808,5.618649495533127
SITE_021,2025-01-20,0.0,1.4144714,16.390424721409808,5.618649495533127
SITE_021,2025-01-21,0.0,1.4144714,16.390424721409808,5.618649495533127
SITE_021,2025-01-22,0.0,1.4144714,16.390424721409808,5.618649495533127
SITE_021,2025-01-23,0.0,1.4144714,16.390424721409808,5.618649495533127
SITE_021,2025-01-24,0.0,1.4144714,16.390424721409808,5.618649495533127
SITE_021,2025-01-25,0.0,1.4144714,16.390424721409808,5.618649495533127
SITE_021,2025-01-26,0.0,1.4144714,16.390424721409808,5.618649495533127
SITE_021,2025-01-27,0.0,1.4144714,16.390424721409808,5.618649495533127
SITE_021,2025-01-28,0.0,1.4144714,16.390424721409808,5.618649495533127
SITE_021,2025-01-29,0.0,1.4144714,16.390424721409808,5.618649495533127
SITE_021,2025-01-30,0.0,1.4144714,16.390424721409808,5.618649495533127
SITE_021,2025-01-31,0.0,1.4144714,16.390424721409808,5.618649495533127
SITE_021,2025-02-01,0.0,1.4144714,16.390424721409808,5.618649495533127
SITE_021,2025-02-02,0.0,1.4144714,16.390424721409808,5.618649495533127
SITE_021,2025-02-03,0.0,1.4144714,16.390424721409808,5.618649495533127
SITE_021,2025-02-04,0.0,1.4144714,16.390424721409808,5.618649495533127
SITE_021,2025-02-05,0.0,1.4144714,16.390424721409808,5.618649495533127
SITE_021,2025-02-06,0.0,1.4144714,16.390424721409808,5.618649495533127
SITE_021,2025-02-07,0.0,1.4144714,16.390424721409808,5.618649495533127
SITE_021,2025-02-08,0.0,1.4144714,16.390424721409808,5.618649495533127
SITE_021,2025-02-09,0.0,1.4144714,16.390424721409808,5.618649495533127
SITE_021,2025-02-10,0.0,1.4144714,16.390424721409808,5.618649495533127
SITE_021,2025-02-11,0.0,1.4144714,16.390424721409808,5.618649495533127
SITE_021,2025-02-12,0.0,1.4144714,16.390424721409808,5.618649495533127
SITE_021,2025-02-13,0.0,1.4144714,16.390424721409808,5.618649495533127
SITE_021,2025-02-14,0.0,1.4144714,16.390424721409808,5.618649495533127
SITE_021,2025-02-15,0.0,1.4144714,16.390424721409808,5.618649495533127
SITE_021,2025-02-16,0.0,1.4144714,16.390424721409808,5.618649495533127
SITE_021,2025-02-17,0.0,1.4144714,16.390424721409808,5.618649495533127
SITE_021,2025-02-18,0.0,1.4144714,16.390424721409808,5.618649495533127
SITE_021,2025-02-19,0.0,1.4144714,16.390424721409808,5.618649495533127
SITE_021,2025-02-20,0.0,1.4144714,16.390424721409808,5.618649495533127
SITE_021,2025-02-21,0.0,1.4144714,16.390424721409808,5.618649495533127
SITE_021,2025-02-22,0.0,1.4144714,16.390424721409808,5.618649495533127
SITE_021,2025-02-23,0.0,1.4144714,16.390424721409808,5.618649495533127
SITE_021,2025-02-24,0.0,1.4144714,16.390424721409808,5.618649495533127
SITE_021,2025-02-25,0.0,1.4144714,16.390424721409808,5.618649495533127
SITE_022,2025-01-01,19.12848891550675,27.598146,29.886731275243896,25.537788876449763
SITE_022,2025-01-02,18.72407128335908,27.598146,29.886731275243896,25.402982999067206
SITE_022,2025-01-03,18.70179336005822,27.598146,29.886731275243896,25.395557024633586
SITE_022,2025-01-04,18.700566148851067,27.598146,29.886731275243896,25.395147954231202
SITE_022,2025-01-05,18.70049854624085,27.598146,29.886731275243896,25.395125420027796
SITE_022,2025-01-06,18.700494822347537,27.598146,29.886731275243896,25.395124178730025
SITE_022,2025-01-07,18.70049461722374,27.598146,29.886731275243896,25.395124110355425
SITE_022,2025-01-08,18.700494605815038,27.598146,29.886731275243896,25.395124106552526
SITE_022,2025-01-09,18.700494605116546,27.598146,29.886731275243896,25.395124106319695
SITE_022,2025-01-10,18.700494605116546,27.598146,29.886731275243896,25.395124106319695
SITE_022,2025-01-11,18.700494605116546,27.598146,29.886731275243896,25.395124106319695
SITE_022,2025-01-12,18.700494605116546,27.598146,29.886731275243896,25.395124106319695
SITE_022,2025-01-13,18.700494605116546,27.598146,29.886731275243896,25.395124106319695
SITE_022,2025-01-14,18.700494605116546,27.598146,29.886731275243896,25.395124106319695
SITE_022,2025-01-15,18.700494605116546,27.598146,29.886731275243896,25.395124106319695
SITE_022,2025-01-16,18.700494605116546,27.598146,29.886731275243896,25.395124106319695
SITE_022,2025-01-17,18.700494605116546,27.598146,29.886731275243896,25.395124106319695
SITE_022,2025-01-18,18.700494605116546,27.598146,29.886731275243896,25.395124106319695
SITE_022,2025-01-19,18.700494605116546,27.598146,29.886731275243896,25.395124106319695
SITE_022,2025-01-20,18.700494605116546,27.598146,29.886731275243896,25.395124106319695
SITE_022,2025-01-21,18.700494605116546,27.598146,29.886731275243896,25.395124106319695
SITE_022,2025-01-22,18.700494605116546,27.598146,29.886731275243896,25.395124106319695
SITE_022,2025-01-23,18.700494605116546,27.598146,29.886731275243896,25.395124106319695
SITE_022,2025-01-24,18.700494605116546,27.598146,29.886731275243896,25.395124106319695
SITE_022,2025-01-25,18.700494605116546,27.598146,29.886731275243896,25.395124106319695
SITE_022,2025-01-26,18.700494605116546,27.598146,29.886731275243896,25.395124106319695
SITE_022,2025-01-27,18.700494605116546,27.598146,29.886731275243896,25.395124106319695
SITE_022,2025-01-28,18.700494605116546,27.598146,29.886731275243896,25.395124106319695
SITE_022,2025-01-29,18.700494605116546,27.598146,29.886731275243896,25.395124106319695
SITE_022,2025-01-30,18.700494605116546,27.598146,29.886731275243896,25.395124106319695
SITE_022,2025-01-31,18.700494605116546,27.598146,29.886731275243896,25.395124106319695
SITE_022,2025-02-01,18.700494605116546,27.598146,29.886731275243896,25.395124106319695
SITE_022,2025-02-02,18.700494605116546,27.598146,29.886731275243896,25.395124106319695
SITE_022,2025-02-03,18.700494605116546,27.598146,29.886731275243896,25.395124106319695
SITE_022,2025-02-04,18.700494605116546,27.598146,29.886731275243896,25.395124106319695
SITE_022,2025-02-05,18.700494605116546,27.598146,29.886731275243896,25.395124106319695
SITE_022,2025-02-06,18.700494605116546,27.598146,29.886731275243896,25.395124106319695
SITE_022,2025-02-07,18.700494605116546,27.598146,29.886731275243896,25.395124106319695
SITE_022,2025-02-08,18.700494605116546,27.598146,29.886731275243896,25.395124106319695
SITE_022,2025-02-09,18.700494605116546,27.598146,29.886731275243896,25.395124106319695
SITE_022,2025-02-10,18.700494605116546,27.598146,29.886731275243896,25.395124106319695
SITE_022,2025-02-11,18.700494605116546,27.598146,29.886731275243896,25.395124106319695
SITE_022,2025-02-12,18.700494605116546,27.598146,29.886731275243896,25.395124106319695
SITE_022,2025-02-13,18.700494605116546,27.598146,29.886731275243896,25.395124106319695
SITE_022,2025-02-14,18.700494605116546,27.598146,29.886731275243896,25.395124106319695
SITE_022,2025-02-15,18.700494605116546,27.598146,29.886731275243896,25.395124106319695
SITE_022,2025-02-16,18.700494605116546,27.598146,29.886731275243896,25.395124106319695
SITE_022,2025-02-17,18.700494605116546,27.598146,29.886731275243896,25.395124106319695
SITE_022,2025-02-18,18.700494605116546,27.598146,29.886731275243896,25.395124106319695
SITE_022,2025-02-19,18.700494605116546,27.598146,29.886731275243896,25.395124106319695
SITE_022,2025-02-20,18.700494605116546,27.598146,29.886731275243896,25.395124106319695
SITE_022,2025-02-21,18.700494605116546,27.598146,29.886731275243896,25.395124106319695
SITE_022,2025-02-22,18.700494605116546,27.598146,29.886731275243896,25.395124106319695
SITE_022,2025-02-23,18.700494605116546,27.598146,29.886731275243896,25.395124106319695
SITE_022,2025-02-24,18.700494605116546,27.598146,29.886731275243896,25.395124106319695
SITE_022,2025-02-25,18.700494605116546,27.598146,29.886731275243896,25.395124106319695
SITE_023,2025-01-01,12.271839958033524,13.920124,14.027415370860844,13.40645979428315
SITE_023,2025-01-02,12.116196073475294,13.920124,14.027415370860844,13.354578499430405
SITE_023,2025-01-03,12.092403135378845,13.920124,14.027415370860844,13.346647520064922
SITE_023,2025-01-04,12.088765961350873,13.920124,14.027415370860844,13.345435128722265
SITE_023,2025-01-05,12.088209954556078,13.920124,14.027415370860844,13.345249793124
SITE_023,2025-01-06,12.08812495903112,13.920124,14.027415370860844,13.345221461282348
SITE_023,2025-01-07,12.08811196591705,13.920124,14.027415370860844,13.345217130244324
SITE_023,2025-01-08,12.08810997963883,13.920124,14.027415370860844,13.345216468151584
SITE_023,2025-01-09,12.08810967602767,13.920124,14.027415370860844,13.345216366947865
SITE_023,2025-01-10,12.088109629577957,13.920124,14.027415370860844,13.345216351464627
SITE_023,2025-01-11,12.088109622476622,13.920124,14.027415370860844,13.345216349097514
SITE_023,2025-01-12,12.088109621428885,13.920124,14.027415370860844,13.345216348748268
SITE_023,2025-01-13,12.08810962131247,13.920124,14.027415370860844,13.345216348709464
SITE_023,2025-01-14,12.08810962131247,13.920124,14.027415370860844,13.345216348709464
SITE_023,2025-01-15,12.08810962131247,13.920124,14.027415370860844,13.345216348709464
SITE_023,2025-01-16,12.08810962131247,13.920124,14.027415370860844,13.345216348709464
SITE_023,2025-01-17,12.08810962131247,13.920124,14.027415370860844,13.345216348709464
SITE_023,2025-01-18,12.08810962131247,13.920124,14.027415370860844,13.345216348709464
SITE_023,2025-01-19,12.08810962131247,13.920124,14.027415370860844,13.345216348709464
SITE_023,2025-01-20,12.08810962131247,13.920124,14.027415370860844,13.345216348709464
SITE_023,2025-01-21,12.08810962131247,13.920124,14.027415370860844,13.345216348709464
SITE_023,2025-01-22,12.08810962131247,13.920124,14.027415370860844,13.345216348709464
SITE_023,2025-01-23,12.08810962131247,13.920124,14.027415370860844,13.345216348709464
SITE_023,2025-01-24,12.08810962131247,13.920124,14.027415370860844,13.345216348709464
SITE_023,2025-01-25,12.08810962131247,13.920124,14.027415370860844,13.345216348709464
SITE_023,2025-01-26,12.08810962131247,13.920124,14.027415370860844,13.345216348709464
SITE_023,2025-01-27,12.08810962131247,13.920124,14.027415370860844,13.345216348709464
SITE_023,2025-01-28,12.08810962131247,13.920124,14.027415370860844,13.345216348709464
SITE_023,2025-01-29,12.08810962131247,13.920124,14.027415370860844,13.345216348709464
SITE_023,2025-01-30,12.08810962131247,13.920124,14.027415370860844,13.345216348709464
SITE_023,2025-01-31,12.08810962131247,13.920124,14.027415370860844,13.345216348709464
SITE_023,2025-02-01,12.08810962131247,13.920124,14.027415370860844,13.345216348709464
SITE_023,2025-02-02,12.08810962131247,13.920124,14.027415370860844,13.345216348709464
SITE_023,2025-02-03,12.08810962131247,13.920124,14.027415370860844,13.345216348709464
SITE_023,2025-02-04,12.08810962131247,13.920124,14.027415370860844,13.345216348709464
SITE_023,2025-02-05,12.08810962131247,13.920124,14.027415370860844,13.345216348709464
SITE_023,2025-02-06,12.08810962131247,13.920124,14.027415370860844,13.345216348709464
SITE_023,2025-02-07,12.08810962131247,13.920124,14.027415370860844,13.345216348709464
SITE_023,2025-02-08,12.08810962131247,13.920124,14.027415370860844,13.345216348709464
SITE_023,2025-02-09,12.08810962131247,13.920124,14.027415370860844,13.345216348709464
SITE_023,2025-02-10,12.08810962131247,13.920124,14.027415370860844,13.345216348709464
SITE_023,2025-02-11,12.08810962131247,13.920124,14.027415370860844,13.345216348709464
SITE_023,2025-02-12,12.08810962131247,13.920124,14.027415370860844,13.345216348709464
SITE_023,2025-02-13,12.08810962131247,13.920124,14.027415370860844,13.345216348709464
SITE_023,2025-02-14,12.08810962131247,13.920124,14.027415370860844,13.345216348709464
SITE_023,2025-02-15,12.08810962131247,13.920124,14.027415370860844,13.345216348709464
SITE_023,2025-02-16,12.08810962131247,13.920124,14.027415370860844,13.345216348709464
SITE_023,2025-02-17,12.08810962131247,13.920124,14.027415370860844,13.345216348709464
SITE_023,2025-02-18,12.08810962131247,13.920124,14.027415370860844,13.345216348709464
SITE_023,2025-02-19,12.08810962131247,13.920124,14.027415370860844,13.345216348709464
SITE_023,2025-02-20,12.08810962131247,13.920124,14.027415370860844,13.345216348709464
SITE_023,2025-02-21,12.08810962131247,13.920124,14.027415370860844,13.345216348709464
SITE_023,2025-02-22,12.08810962131247,13.920124,14.027415370860844,13.345216348709464
SITE_023,2025-02-23,12.08810962131247,13.920124,14.027415370860844,13.345216348709464
SITE_023,2025-02-24,12.08810962131247,13.920124,14.027415370860844,13.345216348709464
SITE_023,2025-02-25,12.08810962131247,13.920124,14.027415370860844,13.345216348709464
SITE_024,2025-01-01,35.18677455279976,53.17592,49.0976413205463,45.82011148414921
SITE_024,2025-01-02,33.429089155746624,53.17592,49.0976413205463,45.23421635179816
SITE_024,2025-01-03,33.25824253517203,53.17592,49.0976413205463,45.1772674782733
SITE_024,2025-01-04,33.241636282531545,53.17592,49.0976413205463,45.17173206072647
SITE_024,2025-01-05,33.24002215848304,53.17592,49.0976413205463,45.17119401937697
SITE_024,2025-01-06,33.23986526601948,53.17592,49.0976413205463,45.171141721889114
SITE_024,2025-01-07,33.23985001607798,53.17592,49.0976413205463,45.171136638575284
SITE_024,2025-01-08,33.2398485338781,53.17592,49.0976413205463,45.17113614450866
SITE_024,2025-01-09,33.239848389755934,53.17592,49.0976413205463,45.17113609646793
SITE_024,2025-01-10,33.239848375786096,53.17592,49.0976413205463,45.17113609181132
SITE_024,2025-01-11,33.23984837438911,53.17592,49.0976413205463,45.17113609134566
SITE_024,2025-01-12,33.23984837415628,53.17592,49.0976413205463,45.171136091268046
SITE_024,2025-01-13,33.23984837415628,53.17592,49.0976413205463,45.171136091268046
SITE_024,2025-01-14,33.23984837415628,53.17592,49.0976413205463,45.171136091268046
SITE_024,2025-01-15,33.23984837415628,53.17592,49.0976413205463,45.171136091268046
SITE_024,2025-01-16,33.23984837415628,53.17592,49.0976413205463,45.171136091268046
SITE_024,2025-01-17,33.23984837415628,53.17592,49.0976413205463,45.171136091268046
SITE_024,2025-01-18,33.23984837415628,53.17592,49.0976413205463,45.171136091268046
SITE_024,2025-01-19,33.23984837415628,53.17592,49.0976413205463,45.171136091268046
SITE_024,2025-01-20,33.23984837415628,53.17592,49.0976413205463,45.171136091268046
SITE_024,2025-01-21,33.23984837415628,53.17592,49.0976413205463,45.171136091268046
SITE_024,2025-01-22,33.23984837415628,53.17592,49.0976413205463,45.171136091268046
SITE_024,2025-01-23,33.23984837415628,53.17592,49.0976413205463,45.171136091268046
SITE_024,2025-01-24,33.23984837415628,53.17592,49.0976413205463,45.171136091268046
SITE_024,2025-01-25,33.23984837415628,53.17592,49.0976413205463,45.171136091268046
SITE_024,2025-01-26,33.23984837415628,53.17592,49.0976413205463,45.171136091268046
SITE_024,2025-01-27,33.23984837415628,53.17592,49.0976413205463,45.171136091268046
SITE_024,2025-01-28,33.23984837415628,53.17592,49.0976413205463,45.171136091268046
SITE_024,2025-01-29,33.23984837415628,53.17592,49.0976413205463,45.171136091268046
SITE_024,2025-01-30,33.23984837415628,53.17592,49.0976413205463,45.171136091268046
SITE_024,2025-01-31,33.23984837415628,53.17592,49.0976413205463,45.171136091268046
SITE_024,2025-02-01,33.23984837415628,53.17592,49.0976413205463,45.171136091268046
SITE_024,2025-02-02,33.23984837415628,53.17592,49.0976413205463,45.171136091268046
SITE_024,2025-02-03,33.23984837415628,53.17592,49.0976413205463,45.171136091268046
SITE_024,2025-02-04,33.23984837415628,53.17592,49.0976413205463,45.171136091268046
SITE_024,2025-02-05,33.23984837415628,53.17592,49.0976413205463,45.171136091268046
SITE_024,2025-02-06,33.23984837415628,53.17592,49.0976413205463,45.171136091268046
SITE_024,2025-02-07,33.23984837415628,53.17592,49.0976413205463,45.171136091268046
SITE_024,2025-02-08,33.23984837415628,53.17592,49.0976413205463,45.171136091268046
SITE_024,2025-02-09,33.23984837415628,53.17592,49.0976413205463,45.171136091268046
SITE_024,2025-02-10,33.23984837415628,53.17592,49.0976413205463,45.171136091268046
SITE_024,2025-02-11,33.23984837415628,53.17592,49.0976413205463,45.171136091268046
SITE_024,2025-02-12,33.23984837415628,53.17592,49.0976413205463,45.171136091268046
SITE_024,2025-02-13,33.23984837415628,53.17592,49.0976413205463,45.171136091268046
SITE_024,2025-02-14,33.23984837415628,53.17592,49.0976413205463,45.171136091268046
SITE_024,2025-02-15,33.23984837415628,53.17592,49.0976413205463,45.171136091268046
SITE_024,2025-02-16,33.23984837415628,53.17592,49.0976413205463,45.171136091268046
SITE_024,2025-02-17,33.23984837415628,53.17592,49.0976413205463,45.171136091268046
SITE_024,2025-02-18,33.23984837415628,53.17592,49.0976413205463,45.171136091268046
SITE_024,2025-02-19,33.23984837415628,53.17592,49.0976413205463,45.171136091268046
SITE_024,2025-02-20,33.23984837415628,53.17592,49.0976413205463,45.171136091268046
SITE_024,2025-02-21,33.23984837415628,53.17592,49.0976413205463,45.171136091268046
SITE_024,2025-02-22,33.23984837415628,53.17592,49.0976413205463,45.171136091268046
SITE_024,2025-02-23,33.23984837415628,53.17592,49.0976413205463,45.171136091268046
SITE_024,2025-02-24,33.23984837415628,53.17592,49.0976413205463,45.171136091268046
SITE_024,2025-02-25,33.23984837415628,53.17592,49.0976413205463,45.171136091268046
SITE_025,2025-01-01,27.87791086314246,25.216633,27.857280671528137,26.983941459229396
SITE_025,2025-01-02,28.331115958746523,25.216633,27.857280671528137,27.13500982443075
SITE_025,2025-01-03,28.39894981123507,25.216633,27.857280671528137,27.1576211085936
SITE_025,2025-01-04,28.409102899953723,25.216633,27.857280671528137,27.161005471499816
SITE_025,2025-01-05,28.410622572060674,25.216633,27.857280671528137,27.1615120288688
SITE_025,2025-01-06,28.410850030370057,25.216633,27.857280671528137,27.16158784830526
SITE_025,2025-01-07,28.410884075332433,25.216633,27.857280671528137,27.161599196626053
SITE_025,2025-01-08,28.4108891710639,25.216633,27.857280671528137,27.161600895203208
SITE_025,2025-01-09,28.41088993381709,25.216633,27.857280671528137,27.16160114945427
SITE_025,2025-01-10,28.410890047904104,25.216633,27.857280671528137,27.161601187483274
SITE_025,2025-01-11,28.41089006513357,25.216633,27.857280671528137,27.16160119322643
SITE_025,2025-01-12,28.410890067461878,25.216633,27.857280671528137,27.161601194002532
SITE_025,2025-01-13,28.41089006792754,25.216633,27.857280671528137,27.161601194157754
SITE_025,2025-01-14,28.41089006792754,25.216633,27.857280671528137,27.161601194157754
SITE_025,2025-01-15,28.41089006792754,25.216633,27.857280671528137,27.161601194157754
SITE_025,2025-01-16,28.41089006792754,25.216633,27.857280671528137,27.161601194157754
SITE_025,2025-01-17,28.41089006792754,25.216633,27.857280671528137,27.161601194157754
SITE_025,2025-01-18,28.41089006792754,25.216633,27.857280671528137,27.161601194157754
SITE_025,2025-01-19,28.41089006792754,25.216633,27.857280671528137,27.161601194157754
SITE_025,2025-01-20,28.41089006792754,25.216633,27.857280671528137,27.161601194157754
SITE_025,2025-01-21,28.41089006792754,25.216633,27.857280671528137,27.161601194157754
SITE_025,2025-01-22,28.41089006792754,25.216633,27.857280671528137,27.161601194157754
SITE_025,2025-01-23,28.41089006792754,25.216633,27.857280671528137,27.161601194157754
SITE_025,2025-01-24,28.41089006792754,25.216633,27.857280671528137,27.161601194157754
SITE_025,2025-01-25,28.41089006792754,25.216633,27.857280671528137,27.161601194157754
SITE_025,2025-01-26,28.41089006792754,25.216633,27.857280671528137,27.161601194157754
SITE_025,2025-01-27,28.41089006792754,25.216633,27.857280671528137,27.161601194157754
SITE_025,2025-01-28,28.41089006792754,25.216633,27.857280671528137,27.161601194157754
SITE_025,2025-01-29,28.41089006792754,25.216633,27.857280671528137,27.161601194157754
SITE_025,2025-01-30,28.41089006792754,25.216633,27.857280671528137,27.161601194157754
SITE_025,2025-01-31,28.41089006792754,25.216633,27.857280671528137,27.161601194157754
SITE_025,2025-02-01,28.41089006792754,25.216633,27.857280671528137,27.161601194157754
SITE_025,2025-02-02,28.41089006792754,25.216633,27.857280671528137,27.161601194157754
SITE_025,2025-02-03,28.41089006792754,25.216633,27.857280671528137,27.161601194157754
SITE_025,2025-02-04,28.41089006792754,25.216633,27.857280671528137,27.161601194157754
SITE_025,2025-02-05,28.41089006792754,25.216633,27.857280671528137,27.161601194157754
SITE_025,2025-02-06,28.41089006792754,25.216633,27.857280671528137,27.161601194157754
SITE_025,2025-02-07,28.41089006792754,25.216633,27.857280671528137,27.161601194157754
SITE_025,2025-02-08,28.41089006792754,25.216633,27.857280671528137,27.161601194157754
SITE_025,2025-02-09,28.41089006792754,25.216633,27.857280671528137,27.161601194157754
SITE_025,2025-02-10,28.41089006792754,25.216633,27.857280671528137,27.161601194157754
SITE_025,2025-02-11,28.41089006792754,25.216633,27.857280671528137,27.161601194157754
SITE_025,2025-02-12,28.41089006792754,25.216633,27.857280671528137,27.161601194157754
SITE_025,2025-02-13,28.41089006792754,25.216633,27.857280671528137,27.161601194157754
SITE_025,2025-02-14,28.41089006792754,25.216633,27.857280671528137,27.161601194157754
SITE_025,2025-02-15,28.41089006792754,25.216633,27.857280671528137,27.161601194157754
SITE_025,2025-02-16,28.41089006792754,25.216633,27.857280671528137,27.161601194157754
SITE_025,2025-02-17,28.41089006792754,25.216633,27.857280671528137,27.161601194157754
SITE_025,2025-02-18,28.41089006792754,25.216633,27.857280671528137,27.161601194157754
SITE_025,2025-02-19,28.41089006792754,25.216633,27.857280671528137,27.161601194157754
SITE_025,2025-02-20,28.41089006792754,25.216633,27.857280671528137,27.161601194157754
SITE_025,2025-02-21,28.41089006792754,25.216633,27.857280671528137,27.161601194157754
SITE_025,2025-02-22,28.41089006792754,25.216633,27.857280671528137,27.161601194157754
SITE_025,2025-02-23,28.41089006792754,25.216633,27.857280671528137,27.161601194157754
SITE_025,2025-02-24,28.41089006792754,25.216633,27.857280671528137,27.161601194157754
SITE_025,2025-02-25,28.41089006792754,25.216633,27.857280671528137,27.161601194157754
SITE_026,2025-01-01,22.637941122055054,35.40794,34.02645392429451,30.690778319079413
SITE_026,2025-01-02,22.62870740890503,35.40794,34.02645392429451,30.68770041469607
SITE_026,2025-01-03,22.62870156764984,35.40794,34.02645392429451,30.68769846761101
SITE_026,2025-01-04,22.62870156764984,35.40794,34.02645392429451,30.68769846761101
SITE_026,2025-01-05,22.62870156764984,35.40794,34.02645392429451,30.68769846761101
SITE_026,2025-01-06,22.62870156764984,35.40794,34.02645392429451,30.68769846761101
SITE_026,2025-01-07,22.62870156764984,35.40794,34.02645392429451,30.68769846761101
SITE_026,2025-01-08,22.62870156764984,35.40794,34.02645392429451,30.68769846761101
SITE_026,2025-01-09,22.62870156764984,35.40794,34.02645392429451,30.68769846761101
SITE_026,2025-01-10,22.62870156764984,35.40794,34.02645392429451,30.68769846761101
SITE_026,2025-01-11,22.62870156764984,35.40794,34.02645392429451,30.68769846761101
SITE_026,2025-01-12,22.62870156764984,35.40794,34.02645392429451,30.68769846761101
SITE_026,2025-01-13,22.62870156764984,35.40794,34.02645392429451,30.68769846761101
SITE_026,2025-01-14,22.62870156764984,35.40794,34.02645392429451,30.68769846761101
SITE_026,2025-01-15,22.62870156764984,35.40794,34.02645392429451,30.68769846761101
SITE_026,2025-01-16,22.62870156764984,35.40794,34.02645392429451,30.68769846761101
SITE_026,2025-01-17,22.62870156764984,35.40794,34.02645392429451,30.68769846761101
SITE_026,2025-01-18,22.62870156764984,35.40794,34.02645392429451,30.68769846761101
SITE_026,2025-01-19,22.62870156764984,35.40794,34.02645392429451,30.68769846761101
SITE_026,2025-01-20,22.62870156764984,35.40794,34.02645392429451,30.68769846761101
SITE_026,2025-01-21,22.62870156764984,35.40794,34.02645392429451,30.68769846761101
SITE_026,2025-01-22,22.62870156764984,35.40794,34.02645392429451,30.68769846761101
SITE_026,2025-01-23,22.62870156764984,35.40794,34.02645392429451,30.68769846761101
SITE_026,2025-01-24,22.62870156764984,35.40794,34.02645392429451,30.68769846761101
SITE_026,2025-01-25,22.62870156764984,35.40794,34.02645392429451,30.68769846761101
SITE_026,2025-01-26,22.62870156764984,35.40794,34.02645392429451,30.68769846761101
SITE_026,2025-01-27,22.62870156764984,35.40794,34.02645392429451,30.68769846761101
SITE_026,2025-01-28,22.62870156764984,35.40794,34.02645392429451,30.68769846761101
SITE_026,2025-01-29,22.62870156764984,35.40794,34.02645392429451,30.68769846761101
SITE_026,2025-01-30,22.62870156764984,35.40794,34.02645392429451,30.68769846761101
SITE_026,2025-01-31,22.62870156764984,35.40794,34.02645392429451,30.68769846761101
SITE_026,2025-02-01,22.62870156764984,35.40794,34.02645392429451,30.68769846761101
SITE_026,2025-02-02,22.62870156764984,35.40794,34.02645392429451,30.68769846761101
SITE_026,2025-02-03,22.62870156764984,35.40794,34.02645392429451,30.68769846761101
SITE_026,2025-02-04,22.62870156764984,35.40794,34.02645392429451,30.68769846761101
SITE_026,2025-02-05,22.62870156764984,35.40794,34.02645392429451,30.68769846761101
SITE_026,2025-02-06,22.62870156764984,35.40794,34.02645392429451,30.68769846761101
SITE_026,2025-02-07,22.62870156764984,35.40794,34.02645392429451,30.68769846761101
SITE_026,2025-02-08,22.62870156764984,35.40794,34.02645392429451,30.68769846761101
SITE_026,2025-02-09,22.62870156764984,35.40794,34.02645392429451,30.68769846761101
SITE_026,2025-02-10,22.62870156764984,35.40794,34.02645392429451,30.68769846761101
SITE_026,2025-02-11,22.62870156764984,35.40794,34.02645392429451,30.68769846761101
SITE_026,2025-02-12,22.62870156764984,35.40794,34.02645392429451,30.68769846761101
SITE_026,2025-02-13,22.62870156764984,35.40794,34.02645392429451,30.68769846761101
SITE_026,2025-02-14,22.62870156764984,35.40794,34.02645392429451,30.68769846761101
SITE_026,2025-02-15,22.62870156764984,35.40794,34.02645392429451,30.68769846761101
SITE_026,2025-02-16,22.62870156764984,35.40794,34.02645392429451,30.68769846761101
SITE_026,2025-02-17,22.62870156764984,35.40794,34.02645392429451,30.68769846761101
SITE_026,2025-02-18,22.62870156764984,35.40794,34.02645392429451,30.68769846761101
SITE_026,2025-02-19,22.62870156764984,35.40794,34.02645392429451,30.68769846761101
SITE_026,2025-02-20,22.62870156764984,35.40794,34.02645392429451,30.68769846761101
SITE_026,2025-02-21,22.62870156764984,35.40794,34.02645392429451,30.68769846761101
SITE_026,2025-02-22,22.62870156764984,35.40794,34.02645392429451,30.68769846761101
SITE_026,2025-02-23,22.62870156764984,35.40794,34.02645392429451,30.68769846761101
SITE_026,2025-02-24,22.62870156764984,35.40794,34.02645392429451,30.68769846761101
SITE_026,2025-02-25,22.62870156764984,35.40794,34.02645392429451,30.68769846761101
SITE_027,2025-01-01,9.27076717466116,10.931056,10.685741172065626,10.295854789790276
SITE_027,2025-01-02,9.273376189172268,10.931056,10.685741172065626,10.296724461293978
SITE_027,2025-01-03,9.273372486233711,10.931056,10.685741172065626,10.296723226981127
SITE_027,2025-01-04,9.273372493684292,10.931056,10.685741172065626,10.296723229464654
SITE_027,2025-01-05,9.273372493684292,10.931056,10.685741172065626,10.296723229464654
SITE_027,2025-01-06,9.273372493684292,10.931056,10.685741172065626,10.296723229464654
SITE_027,2025-01-07,9.273372493684292,10.931056,10.685741172065626,10.296723229464654
SITE_027,2025-01-08,9.273372493684292,10.931056,10.685741172065626,10.296723229464654
SITE_027,2025-01-09,9.273372493684292,10.931056,10.685741172065626,10.296723229464654
SITE_027,2025-01-10,9.273372493684292,10.931056,10.685741172065626,10.296723229464654
SITE_027,2025-01-11,9.273372493684292,10.931056,10.685741172065626,10.296723229464654
SITE_027,2025-01-12,9.273372493684292,10.931056,10.685741172065626,10.296723229464654
SITE_027,2025-01-13,9.273372493684292,10.931056,10.685741172065626,10.296723229464654
SITE_027,2025-01-14,9.273372493684292,10.931056,10.685741172065626,10.296723229464654
SITE_027,2025-01-15,9.273372493684292,10.931056,10.685741172065626,10.296723229464654
SITE_027,2025-01-16,9.273372493684292,10.931056,10.685741172065626,10.296723229464654
SITE_027,2025-01-17,9.273372493684292,10.931056,10.685741172065626,10.296723229464654
SITE_027,2025-01-18,9.273372493684292,10.931056,10.685741172065626,10.296723229464654
SITE_027,2025-01-19,9.273372493684292,10.931056,10.685741172065626,10.296723229464654
SITE_027,2025-01-20,9.273372493684292,10.931056,10.685741172065626,10.296723229464654
SITE_027,2025-01-21,9.273372493684292,10.931056,10.685741172065626,10.296723229464654
SITE_027,2025-01-22,9.273372493684292,10.931056,10.685741172065626,10.296723229464654
SITE_027,2025-01-23,9.273372493684292,10.931056,10.685741172065626,10.296723229464654
SITE_027,2025-01-24,9.273372493684292,10.931056,10.685741172065626,10.296723229464654
SITE_027,2025-01-25,9.273372493684292,10.931056,10.685741172065626,10.296723229464654
SITE_027,2025-01-26,9.273372493684292,10.931056,10.685741172065626,10.296723229464654
SITE_027,2025-01-27,9.273372493684292,10.931056,10.685741172065626,10.296723229464654
SITE_027,2025-01-28,9.273372493684292,10.931056,10.685741172065626,10.296723229464654
SITE_027,2025-01-29,9.273372493684292,10.931056,10.685741172065626,10.296723229464654
SITE_027,2025-01-30,9.273372493684292,10.931056,10.685741172065626,10.296723229464654
SITE_027,2025-01-31,9.273372493684292,10.931056,10.685741172065626,10.296723229464654
SITE_027,2025-02-01,9.273372493684292,10.931056,10.685741172065626,10.296723229464654
SITE_027,2025-02-02,9.273372493684292,10.931056,10.685741172065626,10.296723229464654
SITE_027,2025-02-03,9.273372493684292,10.931056,10.685741172065626,10.296723229464654
SITE_027,2025-02-04,9.273372493684292,10.931056,10.685741172065626,10.296723229464654
SITE_027,2025-02-05,9.273372493684292,10.931056,10.685741172065626,10.296723229464654
SITE_027,2025-02-06,9.273372493684292,10.931056,10.685741172065626,10.296723229464654
SITE_027,2025-02-07,9.273372493684292,10.931056,10.685741172065626,10.296723229464654
SITE_027,2025-02-08,9.273372493684292,10.931056,10.685741172065626,10.296723229464654
SITE_027,2025-02-09,9.273372493684292,10.931056,10.685741172065626,10.296723229464654
SITE_027,2025-02-10,9.273372493684292,10.931056,10.685741172065626,10.296723229464654
SITE_027,2025-02-11,9.273372493684292,10.931056,10.685741172065626,10.296723229464654
SITE_027,2025-02-12,9.273372493684292,10.931056,10.685741172065626,10.296723229464654
SITE_027,2025-02-13,9.273372493684292,10.931056,10.685741172065626,10.296723229464654
SITE_027,2025-02-14,9.273372493684292,10.931056,10.685741172065626,10.296723229464654
SITE_027,2025-02-15,9.273372493684292,10.931056,10.685741172065626,10.296723229464654
SITE_027,2025-02-16,9.273372493684292,10.931056,10.685741172065626,10.296723229464654
SITE_027,2025-02-17,9.273372493684292,10.931056,10.685741172065626,10.296723229464654
SITE_027,2025-02-18,9.273372493684292,10.931056,10.685741172065626,10.296723229464654
SITE_027,2025-02-19,9.273372493684292,10.931056,10.685741172065626,10.296723229464654
SITE_027,2025-02-20,9.273372493684292,10.931056,10.685741172065626,10.296723229464654
SITE_027,2025-02-21,9.273372493684292,10.931056,10.685741172065626,10.296723229464654
SITE_027,2025-02-22,9.273372493684292,10.931056,10.685741172065626,10.296723229464654
SITE_027,2025-02-23,9.273372493684292,10.931056,10.685741172065626,10.296723229464654
SITE_027,2025-02-24,9.273372493684292,10.931056,10.685741172065626,10.296723229464654
SITE_027,2025-02-25,9.273372493684292,10.931056,10.685741172065626,10.296723229464654
SITE_028,2025-01-01,31.32818016409874,33.699615,31.45815263624821,32.16198275962086
SITE_028,2025-01-02,31.326162040233612,33.699615,31.45815263624821,32.161310051665815
SITE_028,2025-01-03,31.326160609722137,33.699615,31.45815263624821,32.16130957482866
SITE_028,2025-01-04,31.326160609722137,33.699615,31.45815263624821,32.16130957482866
SITE_028,2025-01-05,31.326160609722137,33.699615,31.45815263624821,32.16130957482866
SITE_028,2025-01-06,31.326160609722137,33.699615,31.45815263624821,32.16130957482866
SITE_028,2025-01-07,31.326160609722137,33.699615,31.45815263624821,32.16130957482866
SITE_028,2025-01-08,31.326160609722137,33.699615,31.45815263624821,32.16130957482866
SITE_028,2025-01-09,31.326160609722137,33.699615,31.45815263624821,32.16130957482866
SITE_028,2025-01-10,31.326160609722137,33.699615,31.45815263624821,32.16130957482866
SITE_028,2025-01-11,31.326160609722137,33.699615,31.45815263624821,32.16130957482866
SITE_028,2025-01-12,31.326160609722137,33.699615,31.45815263624821,32.16130957482866
SITE_028,2025-01-13,31.326160609722137,33.699615,31.45815263624821,32.16130957482866
SITE_028,2025-01-14,31.326160609722137,33.699615,31.45815263624821,32.16130957482866
SITE_028,2025-01-15,31.326160609722137,33.699615,31.45815263624821,32.16130957482866
SITE_028,2025-01-16,31.326160609722137,33.699615,31.45815263624821,32.16130957482866
SITE_028,2025-01-17,31.326160609722137,33.699615,31.45815263624821,32.16130957482866
SITE_028,2025-01-18,31.326160609722137,33.699615,31.45815263624821,32.16130957482866
SITE_028,2025-01-19,31.326160609722137,33.699615,31.45815263624821,32.16130957482866
SITE_028,2025-01-20,31.326160609722137,33.699615,31.45815263624821,32.16130957482866
SITE_028,2025-01-21,31.326160609722137,33.699615,31.45815263624821,32.16130957482866
SITE_028,2025-01-22,31.326160609722137,33.699615,31.45815263624821,32.16130957482866
SITE_028,2025-01-23,31.326160609722137,33.699615,31.45815263624821,32.16130957482866
SITE_028,2025-01-24,31.326160609722137,33.699615,31.45815263624821,32.16130957482866
SITE_028,2025-01-25,31.326160609722137,33.699615,31.45815263624821,32.16130957482866
SITE_028,2025-01-26,31.326160609722137,33.699615,31.45815263624821,32.16130957482866
SITE_028,2025-01-27,31.326160609722137,33.699615,31.45815263624821,32.16130957482866
SITE_028,2025-01-28,31.326160609722137,33.699615,31.45815263624821,32.16130957482866
SITE_028,2025-01-29,31.326160609722137,33.699615,31.45815263624821,32.16130957482866
SITE_028,2025-01-30,31.326160609722137,33.699615,31.45815263624821,32.16130957482866
SITE_028,2025-01-31,31.326160609722137,33.699615,31.45815263624821,32.16130957482866
SITE_028,2025-02-01,31.326160609722137,33.699615,31.45815263624821,32.16130957482866
SITE_028,2025-02-02,31.326160609722137,33.699615,31.45815263624821,32.16130957482866
SITE_028,2025-02-03,31.326160609722137,33.699615,31.45815263624821,32.16130957482866
SITE_028,2025-02-04,31.326160609722137,33.699615,31.45815263624821,32.16130957482866
SITE_028,2025-02-05,31.326160609722137,33.699615,31.45815263624821,32.16130957482866
SITE_028,2025-02-06,31.326160609722137,33.699615,31.45815263624821,32.16130957482866
SITE_028,2025-02-07,31.326160609722137,33.699615,31.45815263624821,32.16130957482866
SITE_028,2025-02-08,31.326160609722137,33.699615,31.45815263624821,32.16130957482866
SITE_028,2025-02-09,31.326160609722137,33.699615,31.45815263624821,32.16130957482866
SITE_028,2025-02-10,31.326160609722137,33.699615,31.45815263624821,32.16130957482866
SITE_028,2025-02-11,31.326160609722137,33.699615,31.45815263624821,32.16130957482866
SITE_028,2025-02-12,31.326160609722137,33.699615,31.45815263624821,32.16130957482866
SITE_028,2025-02-13,31.326160609722137,33.699615,31.45815263624821,32.16130957482866
SITE_028,2025-02-14,31.326160609722137,33.699615,31.45815263624821,32.16130957482866
SITE_028,2025-02-15,31.326160609722137,33.699615,31.45815263624821,32.16130957482866
SITE_028,2025-02-16,31.326160609722137,33.699615,31.45815263624821,32.16130957482866
SITE_028,2025-02-17,31.326160609722137,33.699615,31.45815263624821,32.16130957482866
SITE_028,2025-02-18,31.326160609722137,33.699615,31.45815263624821,32.16130957482866
SITE_028,2025-02-19,31.326160609722137,33.699615,31.45815263624821,32.16130957482866
SITE_028,2025-02-20,31.326160609722137,33.699615,31.45815263624821,32.16130957482866
SITE_028,2025-02-21,31.326160609722137,33.699615,31.45815263624821,32.16130957482866
SITE_028,2025-02-22,31.326160609722137,33.699615,31.45815263624821,32.16130957482866
SITE_028,2025-02-23,31.326160609722137,33.699615,31.45815263624821,32.16130957482866
SITE_028,2025-02-24,31.326160609722137,33.699615,31.45815263624821,32.16130957482866
SITE_028,2025-02-25,31.326160609722137,33.699615,31.45815263624821,32.16130957482866
SITE_029,2025-01-01,3.775441047968343,6.9578,8.592625474436604,6.44195547796799
SITE_029,2025-01-02,3.367305487510748,6.9578,8.592625474436604,6.305910291148791
SITE_029,2025-01-03,3.3131271034944803,6.9578,8.592625474436604,6.2878508298100355
SITE_029,2025-01-04,3.305935136973858,6.9578,8.592625474436604,6.285453507636494
SITE_029,2025-01-05,3.304980431799777,6.9578,8.592625474436604,6.285135272578468
SITE_029,2025-01-06,3.304853698471561,6.9578,8.592625474436604,6.285093028135729
SITE_029,2025-01-07,3.3048368751769885,6.9578,8.592625474436604,6.285087420370871
SITE_029,2025-01-08,3.30483464198187,6.9578,8.592625474436604,6.285086675972498
SITE_029,2025-01-09,3.3048343454720452,6.9578,8.592625474436604,6.28508657713589
SITE_029,2025-01-10,3.3048343061236665,6.9578,8.592625474436604,6.285086564019764
SITE_029,2025-01-11,3.304834300884977,6.9578,8.592625474436604,6.285086562273534
SITE_029,2025-01-12,3.304834300186485,6.9578,8.592625474436604,6.2850865620407035
SITE_029,2025-01-13,3.3048343000700697,6.9578,8.592625474436604,6.285086562001898
SITE_029,2025-01-14,3.3048343000700697,6.9578,8.592625474436604,6.285086562001898
SITE_029,2025-01-15,3.3048343000700697,6.9578,8.592625474436604,6.285086562001898
SITE_029,2025-01-16,3.3048343000700697,6.9578,8.592625474436604,6.285086562001898
SITE_029,2025-01-17,3.3048343000700697,6.9578,8.592625474436604,6.285086562001898
SITE_029,2025-01-18,3.3048343000700697,6.9578,8.592625474436604,6.285086562001898
SITE_029,2025-01-19,3.3048343000700697,6.9578,8.592625474436604,6.285086562001898
SITE_029,2025-01-20,3.3048343000700697,6.9578,8.592625474436604,6.285086562001898
SITE_029,2025-01-21,3.3048343000700697,6.9578,8.592625474436604,6.285086562001898
SITE_029,2025-01-22,3.3048343000700697,6.9578,8.592625474436604,6.285086562001898
SITE_029,2025-01-23,3.3048343000700697,6.9578,8.592625474436604,6.285086562001898
SITE_029,2025-01-24,3.3048343000700697,6.9578,8.592625474436604,6.285086562001898
SITE_029,2025-01-25,3.3048343000700697,6.9578,8.592625474436604,6.285086562001898
SITE_029,2025-01-26,3.3048343000700697,6.9578,8.592625474436604,6.285086562001898
SITE_029,2025-01-27,3.3048343000700697,6.9578,8.592625474436604,6.285086562001898
SITE_029,2025-01-28,3.3048343000700697,6.9578,8.592625474436604,6.285086562001898
SITE_029,2025-01-29,3.3048343000700697,6.9578,8.592625474436604,6.285086562001898
SITE_029,2025-01-30,3.3048343000700697,6.9578,8.592625474436604,6.285086562001898
SITE_029,2025-01-31,3.3048343000700697,6.9578,8.592625474436604,6.285086562001898
SITE_029,2025-02-01,3.3048343000700697,6.9578,8.592625474436604,6.285086562001898
SITE_029,2025-02-02,3.3048343000700697,6.9578,8.592625474436604,6.285086562001898
SITE_029,2025-02-03,3.3048343000700697,6.9578,8.592625474436604,6.285086562001898
SITE_029,2025-02-04,3.3048343000700697,6.9578,8.592625474436604,6.285086562001898
SITE_029,2025-02-05,3.3048343000700697,6.9578,8.592625474436604,6.285086562001898
SITE_029,2025-02-06,3.3048343000700697,6.9578,8.592625474436604,6.285086562001898
SITE_029,2025-02-07,3.3048343000700697,6.9578,8.592625474436604,6.285086562001898
SITE_029,2025-02-08,3.3048343000700697,6.9578,8.592625474436604,6.285086562001898
SITE_029,2025-02-09,3.3048343000700697,6.9578,8.592625474436604,6.285086562001898
SITE_029,2025-02-10,3.3048343000700697,6.9578,8.592625474436604,6.285086562001898
SITE_029,2025-02-11,3.3048343000700697,6.9578,8.592625474436604,6.285086562001898
SITE_029,2025-02-12,3.3048343000700697,6.9578,8.592625474436604,6.285086562001898
SITE_029,2025-02-13,3.3048343000700697,6.9578,8.592625474436604,6.285086562001898
SITE_029,2025-02-14,3.3048343000700697,6.9578,8.592625474436604,6.285086562001898
SITE_029,2025-02-15,3.3048343000700697,6.9578,8.592625474436604,6.285086562001898
SITE_029,2025-02-16,3.3048343000700697,6.9578,8.592625474436604,6.285086562001898
SITE_029,2025-02-17,3.3048343000700697,6.9578,8.592625474436604,6.285086562001898
SITE_029,2025-02-18,3.3048343000700697,6.9578,8.592625474436604,6.285086562001898
SITE_029,2025-02-19,3.3048343000700697,6.9578,8.592625474436604,6.285086562001898
SITE_029,2025-02-20,3.3048343000700697,6.9578,8.592625474436604,6.285086562001898
SITE_029,2025-02-21,3.3048343000700697,6.9578,8.592625474436604,6.285086562001898
SITE_029,2025-02-22,3.3048343000700697,6.9578,8.592625474436604,6.285086562001898
SITE_029,2025-02-23,3.3048343000700697,6.9578,8.592625474436604,6.285086562001898
SITE_029,2025-02-24,3.3048343000700697,6.9578,8.592625474436604,6.285086562001898
SITE_029,2025-02-25,3.3048343000700697,6.9578,8.592625474436604,6.285086562001898
SITE_030,2025-01-01,34.137643513968214,16.774061,17.65488019603164,22.85552830433426
SITE_030,2025-01-02,36.66441303002648,16.774061,17.65488019603164,23.69778480968702
SITE_030,2025-01-03,37.03139170631766,16.774061,17.65488019603164,23.82011103511741
SITE_030,2025-01-04,37.084690334508196,16.774061,17.65488019603164,23.837877244514257
SITE_030,2025-01-05,37.09243123047054,16.774061,17.65488019603164,23.84045754316837
SITE_030,2025-01-06,37.09355548967142,16.774061,17.65488019603164,23.84083229623533
SITE_030,2025-01-07,37.09371877287049,16.774061,17.65488019603164,23.840886723968353
SITE_030,2025-01-08,37.09374248748645,16.774061,17.65488019603164,23.840894628840342
SITE_030,2025-01-09,37.09374593175016,16.774061,17.65488019603164,23.840895776928246
SITE_030,2025-01-10,37.0937464319868,16.774061,17.65488019603164,23.84089594367379
SITE_030,2025-01-11,37.09374650462996,16.774061,17.65488019603164,23.840895967888176
SITE_030,2025-01-12,37.093746515223756,16.774061,17.65488019603164,23.840895971419442
SITE_030,2025-01-13,37.093746516737156,16.774061,17.65488019603164,23.84089597192391
SITE_030,2025-01-14,37.093746516969986,16.774061,17.65488019603164,23.84089597200152
SITE_030,2025-01-15,37.093746516969986,16.774061,17.65488019603164,23.84089597200152
SITE_030,2025-01-16,37.093746516969986,16.774061,17.65488019603164,23.84089597200152
SITE_030,2025-01-17,37.093746516969986,16.774061,17.65488019603164,23.84089597200152
SITE_030,2025-01-18,37.093746516969986,16.774061,17.65488019603164,23.84089597200152
SITE_030,2025-01-19,37.093746516969986,16.774061,17.65488019603164,23.84089597200152
SITE_030,2025-01-20,37.093746516969986,16.774061,17.65488019603164,23.84089597200152
SITE_030,2025-01-21,37.093746516969986,16.774061,17.65488019603164,23.84089597200152
SITE_030,2025-01-22,37.093746516969986,16.774061,17.65488019603164,23.84089597200152
SITE_030,2025-01-23,37.093746516969986,16.774061,17.65488019603164,23.84089597200152
SITE_030,2025-01-24,37.093746516969986,16.774061,17.65488019603164,23.84089597200152
SITE_030,2025-01-25,37.093746516969986,16.774061,17.65488019603164,23.84089597200152
SITE_030,2025-01-26,37.093746516969986,16.774061,17.65488019603164,23.84089597200152
SITE_030,2025-01-27,37.093746516969986,16.774061,17.65488019603164,23.84089597200152
SITE_030,2025-01-28,37.093746516969986,16.774061,17.65488019603164,23.84089597200152
SITE_030,2025-01-29,37.093746516969986,16.774061,17.65488019603164,23.84089597200152
SITE_030,2025-01-30,37.093746516969986,16.774061,17.65488019603164,23.84089597200152
SITE_030,2025-01-31,37.093746516969986,16.774061,17.65488019603164,23.84089597200152
SITE_030,2025-02-01,37.093746516969986,16.774061,17.65488019603164,23.84089597200152
SITE_030,2025-02-02,37.093746516969986,16.774061,17.65488019603164,23.84089597200152
SITE_030,2025-02-03,37.093746516969986,16.774061,17.65488019603164,23.84089597200152
SITE_030,2025-02-04,37.093746516969986,16.774061,17.65488019603164,23.84089597200152
SITE_030,2025-02-05,37.093746516969986,16.774061,17.65488019603164,23.84089597200152
SITE_030,2025-02-06,37.093746516969986,16.774061,17.65488019603164,23.84089597200152
SITE_030,2025-02-07,37.093746516969986,16.774061,17.65488019603164,23.84089597200152
SITE_030,2025-02-08,37.093746516969986,16.774061,17.65488019603164,23.84089597200152
SITE_030,2025-02-09,37.093746516969986,16.774061,17.65488019603164,23.84089597200152
SITE_030,2025-02-10,37.093746516969986,16.774061,17.65488019603164,23.84089597200152
SITE_030,2025-02-11,37.093746516969986,16.774061,17.65488019603164,23.84089597200152
SITE_030,2025-02-12,37.093746516969986,16.774061,17.65488019603164,23.84089597200152
SITE_030,2025-02-13,37.093746516969986,16.774061,17.65488019603164,23.84089597200152
SITE_030,2025-02-14,37.093746516969986,16.774061,17.65488019603164,23.84089597200152
SITE_030,2025-02-15,37.093746516969986,16.774061,17.65488019603164,23.84089597200152
SITE_030,2025-02-16,37.093746516969986,16.774061,17.65488019603164,23.84089597200152
SITE_030,2025-02-17,37.093746516969986,16.774061,17.65488019603164,23.84089597200152
SITE_030,2025-02-18,37.093746516969986,16.774061,17.65488019603164,23.84089597200152
SITE_030,2025-02-19,37.093746516969986,16.774061,17.65488019603164,23.84089597200152
SITE_030,2025-02-20,37.093746516969986,16.774061,17.65488019603164,23.84089597200152
SITE_030,2025-02-21,37.093746516969986,16.774061,17.65488019603164,23.84089597200152
SITE_030,2025-02-22,37.093746516969986,16.774061,17.65488019603164,23.84089597200152
SITE_030,2025-02-23,37.093746516969986,16.774061,17.65488019603164,23.84089597200152
SITE_030,2025-02-24,37.093746516969986,16.774061,17.65488019603164,23.84089597200152
SITE_030,2025-02-25,37.093746516969986,16.774061,17.65488019603164,23.84089597200152
