site_id,date,ensemble,sarimax,xgboost,random_forest,opening_inventory_sim,closing_inventory_sim,silo_capacity,deliveries_tonnes,reorder_alert,stockout_risk
SITE_001,2025-01-01,53.26662976793668,58.8462418676354,52.647118,48.30652982142854,5.85,0.0,448,0.0,True,True
SITE_001,2025-01-02,53.4828271954541,59.49483415018767,52.647118,48.30652982142854,0.0,0.0,448,0.0,True,True
SITE_001,2025-01-03,53.50428049935993,59.559194061905146,52.647118,48.30652982142854,0.0,0.0,448,0.0,True,True
SITE_001,2025-01-04,53.50640931401745,59.56558050587773,52.647118,48.30652982142854,0.0,0.0,448,0.0,True,True
SITE_001,2025-01-05,53.50662055660383,59.566214233636856,52.647118,48.30652982142854,0.0,0.0,448,0.0,True,True
SITE_001,2025-01-06,53.50664151819146,59.56627711839974,52.647118,48.30652982142854,0.0,0.0,448,0.0,True,True
SITE_001,2025-01-07,53.50664359814521,59.56628335826099,52.647118,48.30652982142854,0.0,0.0,448,0.0,True,True
SITE_001,2025-01-08,53.50664380458838,59.5662839775905,52.647118,48.30652982142854,0.0,0.0,448,0.0,True,True
SITE_001,2025-01-09,53.50664382507748,59.56628403905779,52.647118,48.30652982142854,0.0,0.0,448,0.0,True,True
SITE_001,2025-01-10,53.50664382709534,59.56628404511139,52.647118,48.30652982142854,0.0,0.0,448,0.0,True,True
SITE_001,2025-01-11,53.50664382725056,59.56628404557705,52.647118,48.30652982142854,0.0,0.0,448,0.0,True,True
SITE_001,2025-01-12,53.50664382725056,59.56628404557705,52.647118,48.30652982142854,0.0,0.0,448,0.0,True,True
SITE_001,2025-01-13,53.50664382725056,59.56628404557705,52.647118,48.30652982142854,0.0,0.0,448,0.0,True,True
SITE_001,2025-01-14,53.50664382725056,59.56628404557705,52.647118,48.30652982142854,0.0,0.0,448,0.0,True,True
SITE_001,2025-01-15,53.50664382725056,59.56628404557705,52.647118,48.30652982142854,0.0,0.0,448,0.0,True,True
SITE_001,2025-01-16,53.50664382725056,59.56628404557705,52.647118,48.30652982142854,0.0,0.0,448,0.0,True,True
SITE_001,2025-01-17,53.50664382725056,59.56628404557705,52.647118,48.30652982142854,0.0,0.0,448,0.0,True,True
SITE_001,2025-01-18,53.50664382725056,59.56628404557705,52.647118,48.30652982142854,0.0,0.0,448,0.0,True,True
SITE_001,2025-01-19,53.50664382725056,59.56628404557705,52.647118,48.30652982142854,0.0,0.0,448,0.0,True,True
SITE_001,2025-01-20,53.50664382725056,59.56628404557705,52.647118,48.30652982142854,0.0,0.0,448,0.0,True,True
SITE_001,2025-01-21,53.50664382725056,59.56628404557705,52.647118,48.30652982142854,0.0,0.0,448,0.0,True,True
SITE_001,2025-01-22,53.50664382725056,59.56628404557705,52.647118,48.30652982142854,0.0,0.0,448,0.0,True,True
SITE_001,2025-01-23,53.50664382725056,59.56628404557705,52.647118,48.30652982142854,0.0,0.0,448,0.0,True,True
SITE_001,2025-01-24,53.50664382725056,59.56628404557705,52.647118,48.30652982142854,0.0,0.0,448,0.0,True,True
SITE_001,2025-01-25,53.50664382725056,59.56628404557705,52.647118,48.30652982142854,0.0,0.0,448,0.0,True,True
SITE_001,2025-01-26,53.50664382725056,59.56628404557705,52.647118,48.30652982142854,0.0,0.0,448,0.0,True,True
SITE_001,2025-01-27,53.50664382725056,59.56628404557705,52.647118,48.30652982142854,0.0,0.0,448,0.0,True,True
SITE_001,2025-01-28,53.50664382725056,59.56628404557705,52.647118,48.30652982142854,0.0,0.0,448,0.0,True,True
SITE_001,2025-01-29,53.50664382725056,59.56628404557705,52.647118,48.30652982142854,0.0,0.0,448,0.0,True,True
SITE_001,2025-01-30,53.50664382725056,59.56628404557705,52.647118,48.30652982142854,0.0,0.0,448,0.0,True,True
SITE_001,2025-01-31,53.50664382725056,59.56628404557705,52.647118,48.30652982142854,0.0,0.0,448,0.0,True,True
SITE_001,2025-02-01,53.50664382725056,59.56628404557705,52.647118,48.30652982142854,0.0,0.0,448,0.0,True,True
SITE_001,2025-02-02,53.50664382725056,59.56628404557705,52.647118,48.30652982142854,0.0,0.0,448,0.0,True,True
SITE_001,2025-02-03,53.50664382725056,59.56628404557705,52.647118,48.30652982142854,0.0,0.0,448,0.0,True,True
SITE_001,2025-02-04,53.50664382725056,59.56628404557705,52.647118,48.30652982142854,0.0,0.0,448,0.0,True,True
SITE_001,2025-02-05,53.50664382725056,59.56628404557705,52.647118,48.30652982142854,0.0,0.0,448,0.0,True,True
SITE_001,2025-02-06,53.50664382725056,59.56628404557705,52.647118,48.30652982142854,0.0,0.0,448,0.0,True,True
SITE_001,2025-02-07,53.50664382725056,59.56628404557705,52.647118,48.30652982142854,0.0,0.0,448,0.0,True,True
SITE_001,2025-02-08,53.50664382725056,59.56628404557705,52.647118,48.30652982142854,0.0,0.0,448,0.0,True,True
SITE_001,2025-02-09,53.50664382725056,59.56628404557705,52.647118,48.30652982142854,0.0,0.0,448,0.0,True,True
SITE_001,2025-02-10,53.50664382725056,59.56628404557705,52.647118,48.30652982142854,0.0,0.0,448,0.0,True,True
SITE_001,2025-02-11,53.50664382725056,59.56628404557705,52.647118,48.30652982142854,0.0,0.0,448,0.0,True,True
SITE_001,2025-02-12,53.50664382725056,59.56628404557705,52.647118,48.30652982142854,0.0,0.0,448,0.0,True,True
SITE_001,2025-02-13,53.50664382725056,59.56628404557705,52.647118,48.30652982142854,0.0,0.0,448,0.0,True,True
SITE_001,2025-02-14,53.50664382725056,59.56628404557705,52.647118,48.30652982142854,0.0,0.0,448,0.0,True,True
SITE_001,2025-02-15,53.50664382725056,59.56628404557705,52.647118,48.30652982142854,0.0,0.0,448,0.0,True,True
SITE_001,2025-02-16,53.50664382725056,59.56628404557705,52.647118,48.30652982142854,0.0,0.0,448,0.0,True,True
SITE_001,2025-02-17,53.50664382725056,59.56628404557705,52.647118,48.30652982142854,0.0,0.0,448,0.0,True,True
SITE_001,2025-02-18,53.50664382725056,59.56628404557705,52.647118,48.30652982142854,0.0,0.0,448,0.0,True,True
SITE_001,2025-02-19,53.50664382725056,59.56628404557705,52.647118,48.30652982142854,0.0,0.0,448,0.0,True,True
SITE_001,2025-02-20,53.50664382725056,59.56628404557705,52.647118,48.30652982142854,0.0,0.0,448,0.0,True,True
SITE_001,2025-02-21,53.50664382725056,59.56628404557705,52.647118,48.30652982142854,0.0,0.0,448,0.0,True,True
SITE_001,2025-02-22,53.50664382725056,59.56628404557705,52.647118,48.30652982142854,0.0,0.0,448,0.0,True,True
SITE_001,2025-02-23,53.50664382725056,59.56628404557705,52.647118,48.30652982142854,0.0,0.0,448,0.0,True,True
SITE_001,2025-02-24,53.50664382725056,59.56628404557705,52.647118,48.30652982142854,0.0,0.0,448,0.0,True,True
SITE_001,2025-02-25,53.50664382725056,59.56628404557705,52.647118,48.30652982142854,0.0,0.0,448,0.0,True,True
SITE_002,2025-01-01,16.36416097995534,14.571200138889251,18.224043,16.297239908520716,19963.37,288.0,288,0.0,False,False
SITE_002,2025-01-02,16.146246409832383,13.91745642852038,18.224043,16.297239908520716,288.0,271.8537535901676,288,0.0,False,False
SITE_002,2025-01-03,16.113106862964923,13.818037787918,18.224043,16.297239908520716,271.8537535901676,255.74064672720272,288,0.0,False,False
SITE_002,2025-01-04,16.108067137667483,13.802918612025678,18.224043,16.297239908520716,255.74064672720272,239.63257958953523,288,0.0,False,False
SITE_002,2025-01-05,16.107300717085796,13.800619350280613,18.224043,16.297239908520716,239.63257958953523,223.52527887244943,288,0.0,False,False
SITE_002,2025-01-06,16.107184162996905,13.80026968801394,18.224043,16.297239908520716,223.52527887244943,207.41809470945253,288,0.0,False,False
SITE_002,2025-01-07,16.107166437910443,13.80021651275456,18.224043,16.297239908520716,207.41809470945253,191.31092827154208,288,0.0,False,False
SITE_002,2025-01-08,16.107163742352473,13.800208426080644,18.224043,16.297239908520716,191.31092827154208,175.2037645291896,288,0.0,False,False
SITE_002,2025-01-09,16.10716333241532,13.800207196269184,18.224043,16.297239908520716,175.2037645291896,159.0966011967743,288,0.0,False,False
SITE_002,2025-01-10,16.107163270016706,13.800207009073349,18.224043,16.297239908520716,159.0966011967743,142.98943792675757,288,0.0,False,False
SITE_002,2025-01-11,16.10716326054826,13.800206980668008,18.224043,16.297239908520716,142.98943792675757,126.88227466620931,288,0.0,False,False
SITE_002,2025-01-12,16.107163259151275,13.800206976477057,18.224043,16.297239908520716,126.88227466620931,110.77511140705803,288,0.0,False,False
SITE_002,2025-01-13,16.107163258996056,13.800206976011395,18.224043,16.297239908520716,110.77511140705803,94.66794814806198,288,0.0,False,False
SITE_002,2025-01-14,16.107163258996056,13.800206976011395,18.224043,16.297239908520716,94.66794814806198,78.56078488906593,288,0.0,False,False
SITE_002,2025-01-15,16.107163258996056,13.800206976011395,18.224043,16.297239908520716,78.56078488906593,62.453621630069875,288,0.0,True,False
SITE_002,2025-01-16,16.107163258996056,13.800206976011395,18.224043,16.297239908520716,62.453621630069875,46.34645837107382,288,0.0,True,False
SITE_002,2025-01-17,16.107163258996056,13.800206976011395,18.224043,16.297239908520716,46.34645837107382,30.239295112077766,288,0.0,True,False
SITE_002,2025-01-18,16.107163258996056,13.800206976011395,18.224043,16.297239908520716,30.239295112077766,14.13213185308171,288,0.0,True,False
SITE_002,2025-01-19,16.107163258996056,13.800206976011395,18.224043,16.297239908520716,14.13213185308171,0.0,288,0.0,True,True
SITE_002,2025-01-20,16.107163258996056,13.800206976011395,18.224043,16.297239908520716,0.0,0.0,288,0.0,True,True
SITE_002,2025-01-21,16.107163258996056,13.800206976011395,18.224043,16.297239908520716,0.0,0.0,288,0.0,True,True
SITE_002,2025-01-22,16.107163258996056,13.800206976011395,18.224043,16.297239908520716,0.0,0.0,288,0.0,True,True
SITE_002,2025-01-23,16.107163258996056,13.800206976011395,18.224043,16.297239908520716,0.0,0.0,288,0.0,True,True
SITE_002,2025-01-24,16.107163258996056,13.800206976011395,18.224043,16.297239908520716,0.0,0.0,288,0.0,True,True
SITE_002,2025-01-25,16.107163258996056,13.800206976011395,18.224043,16.297239908520716,0.0,0.0,288,0.0,True,True
SITE_002,2025-01-26,16.107163258996056,13.800206976011395,18.224043,16.297239908520716,0.0,0.0,288,0.0,True,True
SITE_002,2025-01-27,16.107163258996056,13.800206976011395,18.224043,16.297239908520716,0.0,0.0,288,0.0,True,True
SITE_002,2025-01-28,16.107163258996056,13.800206976011395,18.224043,16.297239908520716,0.0,0.0,288,0.0,True,True
SITE_002,2025-01-29,16.107163258996056,13.800206976011395,18.224043,16.297239908520716,0.0,0.0,288,0.0,True,True
SITE_002,2025-01-30,16.107163258996056,13.800206976011395,18.224043,16.297239908520716,0.0,0.0,288,0.0,True,True
SITE_002,2025-01-31,16.107163258996056,13.800206976011395,18.224043,16.297239908520716,0.0,0.0,288,0.0,True,True
SITE_002,2025-02-01,16.107163258996056,13.800206976011395,18.224043,16.297239908520716,0.0,0.0,288,0.0,True,True
SITE_002,2025-02-02,16.107163258996056,13.800206976011395,18.224043,16.297239908520716,0.0,0.0,288,0.0,True,True
SITE_002,2025-02-03,16.107163258996056,13.800206976011395,18.224043,16.297239908520716,0.0,0.0,288,0.0,True,True
SITE_002,2025-02-04,16.107163258996056,13.800206976011395,18.224043,16.297239908520716,0.0,0.0,288,0.0,True,True
SITE_002,2025-02-05,16.107163258996056,13.800206976011395,18.224043,16.297239908520716,0.0,0.0,288,0.0,True,True
SITE_002,2025-02-06,16.107163258996056,13.800206976011395,18.224043,16.297239908520716,0.0,0.0,288,0.0,True,True
SITE_002,2025-02-07,16.107163258996056,13.800206976011395,18.224043,16.297239908520716,0.0,0.0,288,0.0,True,True
SITE_002,2025-02-08,16.107163258996056,13.800206976011395,18.224043,16.297239908520716,0.0,0.0,288,0.0,True,True
SITE_002,2025-02-09,16.107163258996056,13.800206976011395,18.224043,16.297239908520716,0.0,0.0,288,0.0,True,True
SITE_002,2025-02-10,16.107163258996056,13.800206976011395,18.224043,16.297239908520716,0.0,0.0,288,0.0,True,True
SITE_002,2025-02-11,16.107163258996056,13.800206976011395,18.224043,16.297239908520716,0.0,0.0,288,0.0,True,True
SITE_002,2025-02-12,16.107163258996056,13.800206976011395,18.224043,16.297239908520716,0.0,0.0,288,0.0,True,True
SITE_002,2025-02-13,16.107163258996056,13.800206976011395,18.224043,16.297239908520716,0.0,0.0,288,0.0,True,True
SITE_002,2025-02-14,16.107163258996056,13.800206976011395,18.224043,16.297239908520716,0.0,0.0,288,0.0,True,True
SITE_002,2025-02-15,16.107163258996056,13.800206976011395,18.224043,16.297239908520716,0.0,0.0,288,0.0,True,True
SITE_002,2025-02-16,16.107163258996056,13.800206976011395,18.224043,16.297239908520716,0.0,0.0,288,0.0,True,True
SITE_002,2025-02-17,16.107163258996056,13.800206976011395,18.224043,16.297239908520716,0.0,0.0,288,0.0,True,True
SITE_002,2025-02-18,16.107163258996056,13.800206976011395,18.224043,16.297239908520716,0.0,0.0,288,0.0,True,True
SITE_002,2025-02-19,16.107163258996056,13.800206976011395,18.224043,16.297239908520716,0.0,0.0,288,0.0,True,True
SITE_002,2025-02-20,16.107163258996056,13.800206976011395,18.224043,16.297239908520716,0.0,0.0,288,0.0,True,True
SITE_002,2025-02-21,16.107163258996056,13.800206976011395,18.224043,16.297239908520716,0.0,0.0,288,0.0,True,True
SITE_002,2025-02-22,16.107163258996056,13.800206976011395,18.224043,16.297239908520716,0.0,0.0,288,0.0,True,True
SITE_002,2025-02-23,16.107163258996056,13.800206976011395,18.224043,16.297239908520716,0.0,0.0,288,0.0,True,True
SITE_002,2025-02-24,16.107163258996056,13.800206976011395,18.224043,16.297239908520716,0.0,0.0,288,0.0,True,True
SITE_002,2025-02-25,16.107163258996056,13.800206976011395,18.224043,16.297239908520716,0.0,0.0,288,0.0,True,True
SITE_003,2025-01-01,33.48464416442504,31.891889452934265,34.21123,34.35081180865141,31.0,0.0,314,0.0,True,True
SITE_003,2025-01-02,33.48963793097129,31.906870752573013,34.21123,34.35081180865141,0.0,0.0,314,0.0,True,True
SITE_003,2025-01-03,33.4896037377734,31.906768172979355,34.21123,34.35081180865141,0.0,0.0,314,0.0,True,True
SITE_003,2025-01-04,33.48960397122493,31.90676887333393,34.21123,34.35081180865141,0.0,0.0,314,0.0,True,True
SITE_003,2025-01-05,33.48960397122493,31.90676887333393,34.21123,34.35081180865141,0.0,0.0,314,0.0,True,True
SITE_003,2025-01-06,33.48960397122493,31.90676887333393,34.21123,34.35081180865141,0.0,0.0,314,0.0,True,True
SITE_003,2025-01-07,33.48960397122493,31.90676887333393,34.21123,34.35081180865141,0.0,0.0,314,0.0,True,True
SITE_003,2025-01-08,33.48960397122493,31.90676887333393,34.21123,34.35081180865141,0.0,0.0,314,0.0,True,True
SITE_003,2025-01-09,33.48960397122493,31.90676887333393,34.21123,34.35081180865141,0.0,0.0,314,0.0,True,True
SITE_003,2025-01-10,33.48960397122493,31.90676887333393,34.21123,34.35081180865141,0.0,0.0,314,0.0,True,True
SITE_003,2025-01-11,33.48960397122493,31.90676887333393,34.21123,34.35081180865141,0.0,0.0,314,0.0,True,True
SITE_003,2025-01-12,33.48960397122493,31.90676887333393,34.21123,34.35081180865141,0.0,0.0,314,0.0,True,True
SITE_003,2025-01-13,33.48960397122493,31.90676887333393,34.21123,34.35081180865141,0.0,0.0,314,0.0,True,True
SITE_003,2025-01-14,33.48960397122493,31.90676887333393,34.21123,34.35081180865141,0.0,0.0,314,0.0,True,True
SITE_003,2025-01-15,33.48960397122493,31.90676887333393,34.21123,34.35081180865141,0.0,0.0,314,0.0,True,True
SITE_003,2025-01-16,33.48960397122493,31.90676887333393,34.21123,34.35081180865141,0.0,0.0,314,0.0,True,True
SITE_003,2025-01-17,33.48960397122493,31.90676887333393,34.21123,34.35081180865141,0.0,0.0,314,0.0,True,True
SITE_003,2025-01-18,33.48960397122493,31.90676887333393,34.21123,34.35081180865141,0.0,0.0,314,0.0,True,True
SITE_003,2025-01-19,33.48960397122493,31.90676887333393,34.21123,34.35081180865141,0.0,0.0,314,0.0,True,True
SITE_003,2025-01-20,33.48960397122493,31.90676887333393,34.21123,34.35081180865141,0.0,0.0,314,0.0,True,True
SITE_003,2025-01-21,33.48960397122493,31.90676887333393,34.21123,34.35081180865141,0.0,0.0,314,0.0,True,True
SITE_003,2025-01-22,33.48960397122493,31.90676887333393,34.21123,34.35081180865141,0.0,0.0,314,0.0,True,True
SITE_003,2025-01-23,33.48960397122493,31.90676887333393,34.21123,34.35081180865141,0.0,0.0,314,0.0,True,True
SITE_003,2025-01-24,33.48960397122493,31.90676887333393,34.21123,34.35081180865141,0.0,0.0,314,0.0,True,True
SITE_003,2025-01-25,33.48960397122493,31.90676887333393,34.21123,34.35081180865141,0.0,0.0,314,0.0,True,True
SITE_003,2025-01-26,33.48960397122493,31.90676887333393,34.21123,34.35081180865141,0.0,0.0,314,0.0,True,True
SITE_003,2025-01-27,33.48960397122493,31.90676887333393,34.21123,34.35081180865141,0.0,0.0,314,0.0,True,True
SITE_003,2025-01-28,33.48960397122493,31.90676887333393,34.21123,34.35081180865141,0.0,0.0,314,0.0,True,True
SITE_003,2025-01-29,33.48960397122493,31.90676887333393,34.21123,34.35081180865141,0.0,0.0,314,0.0,True,True
SITE_003,2025-01-30,33.48960397122493,31.90676887333393,34.21123,34.35081180865141,0.0,0.0,314,0.0,True,True
SITE_003,2025-01-31,33.48960397122493,31.90676887333393,34.21123,34.35081180865141,0.0,0.0,314,0.0,True,True
SITE_003,2025-02-01,33.48960397122493,31.90676887333393,34.21123,34.35081180865141,0.0,0.0,314,0.0,True,True
SITE_003,2025-02-02,33.48960397122493,31.90676887333393,34.21123,34.35081180865141,0.0,0.0,314,0.0,True,True
SITE_003,2025-02-03,33.48960397122493,31.90676887333393,34.21123,34.35081180865141,0.0,0.0,314,0.0,True,True
SITE_003,2025-02-04,33.48960397122493,31.90676887333393,34.21123,34.35081180865141,0.0,0.0,314,0.0,True,True
SITE_003,2025-02-05,33.48960397122493,31.90676887333393,34.21123,34.35081180865141,0.0,0.0,314,0.0,True,True
SITE_003,2025-02-06,33.48960397122493,31.90676887333393,34.21123,34.35081180865141,0.0,0.0,314,0.0,True,True
SITE_003,2025-02-07,33.48960397122493,31.90676887333393,34.21123,34.35081180865141,0.0,0.0,314,0.0,True,True
SITE_003,2025-02-08,33.48960397122493,31.90676887333393,34.21123,34.35081180865141,0.0,0.0,314,0.0,True,True
SITE_003,2025-02-09,33.48960397122493,31.90676887333393,34.21123,34.35081180865141,0.0,0.0,314,0.0,True,True
SITE_003,2025-02-10,33.48960397122493,31.90676887333393,34.21123,34.35081180865141,0.0,0.0,314,0.0,True,True
SITE_003,2025-02-11,33.48960397122493,31.90676887333393,34.21123,34.35081180865141,0.0,0.0,314,0.0,True,True
SITE_003,2025-02-12,33.48960397122493,31.90676887333393,34.21123,34.35081180865141,0.0,0.0,314,0.0,True,True
SITE_003,2025-02-13,33.48960397122493,31.90676887333393,34.21123,34.35081180865141,0.0,0.0,314,0.0,True,True
SITE_003,2025-02-14,33.48960397122493,31.90676887333393,34.21123,34.35081180865141,0.0,0.0,314,0.0,True,True
SITE_003,2025-02-15,33.48960397122493,31.90676887333393,34.21123,34.35081180865141,0.0,0.0,314,0.0,True,True
SITE_003,2025-02-16,33.48960397122493,31.90676887333393,34.21123,34.35081180865141,0.0,0.0,314,0.0,True,True
SITE_003,2025-02-17,33.48960397122493,31.90676887333393,34.21123,34.35081180865141,0.0,0.0,314,0.0,True,True
SITE_003,2025-02-18,33.48960397122493,31.90676887333393,34.21123,34.35081180865141,0.0,0.0,314,0.0,True,True
SITE_003,2025-02-19,33.48960397122493,31.90676887333393,34.21123,34.35081180865141,0.0,0.0,314,0.0,True,True
SITE_003,2025-02-20,33.48960397122493,31.90676887333393,34.21123,34.35081180865141,0.0,0.0,314,0.0,True,True
SITE_003,2025-02-21,33.48960397122493,31.90676887333393,34.21123,34.35081180865141,0.0,0.0,314,0.0,True,True
SITE_003,2025-02-22,33.48960397122493,31.90676887333393,34.21123,34.35081180865141,0.0,0.0,314,0.0,True,True
SITE_003,2025-02-23,33.48960397122493,31.90676887333393,34.21123,34.35081180865141,0.0,0.0,314,0.0,True,True
SITE_003,2025-02-24,33.48960397122493,31.90676887333393,34.21123,34.35081180865141,0.0,0.0,314,0.0,True,True
SITE_003,2025-02-25,33.48960397122493,31.90676887333393,34.21123,34.35081180865141,0.0,0.0,314,0.0,True,True
SITE_004,2025-01-01,8.066876985571069,7.764406725764275,8.065817,8.37040735167647,20505.34,472.0,472,0.0,False,False
SITE_004,2025-01-02,8.066377692362947,7.762908846139908,8.065817,8.37040735167647,472.0,463.93362230763705,472,0.0,False,False
SITE_004,2025-01-03,8.066371736865522,7.762890979647636,8.065817,8.37040735167647,463.93362230763705,455.86725057077155,472,0.0,False,False
SITE_004,2025-01-04,8.06637166732677,7.76289077103138,8.065817,8.37040735167647,455.86725057077155,447.80087890344475,472,0.0,False,False
SITE_004,2025-01-05,8.06637166732677,7.76289077103138,8.065817,8.37040735167647,447.80087890344475,439.73450723611796,472,0.0,False,False
SITE_004,2025-01-06,8.06637166732677,7.76289077103138,8.065817,8.37040735167647,439.73450723611796,431.6681355687912,472,0.0,False,False
SITE_004,2025-01-07,8.06637166732677,7.76289077103138,8.065817,8.37040735167647,431.6681355687912,423.6017639014644,472,0.0,False,False
SITE_004,2025-01-08,8.06637166732677,7.76289077103138,8.065817,8.37040735167647,423.6017639014644,415.5353922341376,472,0.0,False,False
SITE_004,2025-01-09,8.06637166732677,7.76289077103138,8.065817,8.37040735167647,415.5353922341376,407.4690205668108,472,0.0,False,False
SITE_004,2025-01-10,8.06637166732677,7.76289077103138,8.065817,8.37040735167647,407.4690205668108,399.402648899484,472,0.0,False,False
SITE_004,2025-01-11,8.06637166732677,7.76289077103138,8.065817,8.37040735167647,399.402648899484,391.3362772321572,472,0.0,False,False
SITE_004,2025-01-12,8.06637166732677,7.76289077103138,8.065817,8.37040735167647,391.3362772321572,383.2699055648304,472,0.0,False,False
SITE_004,2025-01-13,8.06637166732677,7.76289077103138,8.065817,8.37040735167647,383.2699055648304,375.20353389750363,472,0.0,False,False
SITE_004,2025-01-14,8.06637166732677,7.76289077103138,8.065817,8.37040735167647,375.20353389750363,367.13716223017684,472,0.0,False,False
SITE_004,2025-01-15,8.06637166732677,7.76289077103138,8.065817,8.37040735167647,367.13716223017684,359.07079056285005,472,0.0,False,False
SITE_004,2025-01-16,8.06637166732677,7.76289077103138,8.065817,8.37040735167647,359.07079056285005,351.00441889552326,472,0.0,False,False
SITE_004,2025-01-17,8.06637166732677,7.76289077103138,8.065817,8.37040735167647,351.00441889552326,342.93804722819647,472,0.0,False,False
SITE_004,2025-01-18,8.06637166732677,7.76289077103138,8.065817,8.37040735167647,342.93804722819647,334.8716755608697,472,0.0,False,False
SITE_004,2025-01-19,8.06637166732677,7.76289077103138,8.065817,8.37040735167647,334.8716755608697,326.8053038935429,472,0.0,False,False
SITE_004,2025-01-20,8.06637166732677,7.76289077103138,8.065817,8.37040735167647,326.8053038935429,318.7389322262161,472,0.0,False,False
SITE_004,2025-01-21,8.06637166732677,7.76289077103138,8.065817,8.37040735167647,318.7389322262161,310.6725605588893,472,0.0,False,False
SITE_004,2025-01-22,8.06637166732677,7.76289077103138,8.065817,8.37040735167647,310.6725605588893,302.6061888915625,472,0.0,False,False
SITE_004,2025-01-23,8.06637166732677,7.76289077103138,8.065817,8.37040735167647,302.6061888915625,294.5398172242357,472,0.0,False,False
SITE_004,2025-01-24,8.06637166732677,7.76289077103138,8.065817,8.37040735167647,294.5398172242357,286.4734455569089,472,0.0,False,False
SITE_004,2025-01-25,8.06637166732677,7.76289077103138,8.065817,8.37040735167647,286.4734455569089,278.40707388958214,472,0.0,False,False
SITE_004,2025-01-26,8.06637166732677,7.76289077103138,8.065817,8.37040735167647,278.40707388958214,270.34070222225535,472,0.0,False,False
SITE_004,2025-01-27,8.06637166732677,7.76289077103138,8.065817,8.37040735167647,270.34070222225535,262.27433055492855,472,0.0,False,False
SITE_004,2025-01-28,8.06637166732677,7.76289077103138,8.065817,8.37040735167647,262.27433055492855,254.2079588876018,472,0.0,False,False
SITE_004,2025-01-29,8.06637166732677,7.76289077103138,8.065817,8.37040735167647,254.2079588876018,246.14158722027503,472,0.0,False,False
SITE_004,2025-01-30,8.06637166732677,7.76289077103138,8.065817,8.37040735167647,246.14158722027503,238.07521555294826,472,0.0,False,False
SITE_004,2025-01-31,8.06637166732677,7.76289077103138,8.065817,8.37040735167647,238.07521555294826,230.0088438856215,472,0.0,False,False
SITE_004,2025-02-01,8.06637166732677,7.76289077103138,8.065817,8.37040735167647,230.0088438856215,221.94247221829474,472,0.0,False,False
SITE_004,2025-02-02,8.06637166732677,7.76289077103138,8.065817,8.37040735167647,221.94247221829474,213.87610055096798,472,0.0,False,False
SITE_004,2025-02-03,8.06637166732677,7.76289077103138,8.065817,8.37040735167647,213.87610055096798,205.8097288836412,472,0.0,False,False
SITE_004,2025-02-04,8.06637166732677,7.76289077103138,8.065817,8.37040735167647,205.8097288836412,197.74335721631445,472,0.0,False,False
SITE_004,2025-02-05,8.06637166732677,7.76289077103138,8.065817,8.37040735167647,197.74335721631445,189.6769855489877,472,0.0,False,False
SITE_004,2025-02-06,8.06637166732677,7.76289077103138,8.065817,8.37040735167647,189.6769855489877,181.61061388166092,472,0.0,False,False
SITE_004,2025-02-07,8.06637166732677,7.76289077103138,8.065817,8.37040735167647,181.61061388166092,173.54424221433416,472,0.0,False,False
SITE_004,2025-02-08,8.06637166732677,7.76289077103138,8.065817,8.37040735167647,173.54424221433416,165.4778705470074,472,0.0,False,False
SITE_004,2025-02-09,8.06637166732677,7.76289077103138,8.065817,8.37040735167647,165.4778705470074,157.41149887968064,472,0.0,False,False
SITE_004,2025-02-10,8.06637166732677,7.76289077103138,8.065817,8.37040735167647,157.41149887968064,149.34512721235387,472,0.0,False,False
SITE_004,2025-02-11,8.06637166732677,7.76289077103138,8.065817,8.37040735167647,149.34512721235387,141.2787555450271,472,0.0,False,False
SITE_004,2025-02-12,8.06637166732677,7.76289077103138,8.065817,8.37040735167647,141.2787555450271,133.21238387770035,472,0.0,False,False
SITE_004,2025-02-13,8.06637166732677,7.76289077103138,8.065817,8.37040735167647,133.21238387770035,125.14601221037358,472,0.0,False,False
SITE_004,2025-02-14,8.06637166732677,7.76289077103138,8.065817,8.37040735167647,125.14601221037358,117.07964054304682,472,0.0,True,False
SITE_004,2025-02-15,8.06637166732677,7.76289077103138,8.065817,8.37040735167647,117.07964054304682,109.01326887572006,472,0.0,True,False
SITE_004,2025-02-16,8.06637166732677,7.76289077103138,8.065817,8.37040735167647,109.01326887572006,100.9468972083933,472,0.0,True,False
SITE_004,2025-02-17,8.06637166732677,7.76289077103138,8.065817,8.37040735167647,100.9468972083933,92.88052554106653,472,0.0,True,False
SITE_004,2025-02-18,8.06637166732677,7.76289077103138,8.065817,8.37040735167647,92.88052554106653,84.81415387373977,472,0.0,True,False
SITE_004,2025-02-19,8.06637166732677,7.76289077103138,8.065817,8.37040735167647,84.81415387373977,76.747782206413,472,0.0,True,False
SITE_004,2025-02-20,8.06637166732677,7.76289077103138,8.065817,8.37040735167647,76.747782206413,68.68141053908624,472,0.0,True,False
SITE_004,2025-02-21,8.06637166732677,7.76289077103138,8.065817,8.37040735167647,68.68141053908624,60.615038871759474,472,0.0,True,False
SITE_004,2025-02-22,8.06637166732677,7.76289077103138,8.065817,8.37040735167647,60.615038871759474,52.548667204432704,472,0.0,True,False
SITE_004,2025-02-23,8.06637166732677,7.76289077103138,8.065817,8.37040735167647,52.548667204432704,44.482295537105934,472,0.0,True,False
SITE_004,2025-02-24,8.06637166732677,7.76289077103138,8.065817,8.37040735167647,44.482295537105934,36.415923869779164,472,0.0,True,False
SITE_004,2025-02-25,8.06637166732677,7.76289077103138,8.065817,8.37040735167647,36.415923869779164,28.349552202452394,472,0.0,True,False
SITE_005,2025-01-01,0.6562218420214668,0.0,2.1180286,13.941615096574935,32.85,32.193778157978535,230,0.0,True,False
SITE_005,2025-01-02,0.0,0.0,2.1180286,13.941615096574935,32.193778157978535,32.193778157978535,230,0.0,True,False
SITE_005,2025-01-03,0.0,0.0,2.1180286,13.941615096574935,32.193778157978535,32.193778157978535,230,0.0,True,False
SITE_005,2025-01-04,0.0,0.0,2.1180286,13.941615096574935,32.193778157978535,32.193778157978535,230,0.0,True,False
SITE_005,2025-01-05,0.0,0.0,2.1180286,13.941615096574935,32.193778157978535,32.193778157978535,230,0.0,True,False
SITE_005,2025-01-06,0.0,0.0,2.1180286,13.941615096574935,32.193778157978535,32.193778157978535,230,0.0,True,False
SITE_005,2025-01-07,0.0,0.0,2.1180286,13.941615096574935,32.193778157978535,32.193778157978535,230,0.0,True,False
SITE_005,2025-01-08,0.0,0.0,2.1180286,13.941615096574935,32.193778157978535,32.193778157978535,230,0.0,True,False
SITE_005,2025-01-09,0.0,0.0,2.1180286,13.941615096574935,32.193778157978535,32.193778157978535,230,0.0,True,False
SITE_005,2025-01-10,0.0,0.0,2.1180286,13.941615096574935,32.193778157978535,32.193778157978535,230,0.0,True,False
SITE_005,2025-01-11,0.0,0.0,2.1180286,13.941615096574935,32.193778157978535,32.193778157978535,230,0.0,True,False
SITE_005,2025-01-12,0.0,0.0,2.1180286,13.941615096574935,32.193778157978535,32.193778157978535,230,0.0,True,False
SITE_005,2025-01-13,0.0,0.0,2.1180286,13.941615096574935,32.193778157978535,32.193778157978535,230,0.0,True,False
SITE_005,2025-01-14,0.0,0.0,2.1180286,13.941615096574935,32.193778157978535,32.193778157978535,230,0.0,True,False
SITE_005,2025-01-15,0.0,0.0,2.1180286,13.941615096574935,32.193778157978535,32.193778157978535,230,0.0,True,False
SITE_005,2025-01-16,0.0,0.0,2.1180286,13.941615096574935,32.193778157978535,32.193778157978535,230,0.0,True,False
SITE_005,2025-01-17,0.0,0.0,2.1180286,13.941615096574935,32.193778157978535,32.193778157978535,230,0.0,True,False
SITE_005,2025-01-18,0.0,0.0,2.1180286,13.941615096574935,32.193778157978535,32.193778157978535,230,0.0,True,False
SITE_005,2025-01-19,0.0,0.0,2.1180286,13.941615096574935,32.193778157978535,32.193778157978535,230,0.0,True,False
SITE_005,2025-01-20,0.0,0.0,2.1180286,13.941615096574935,32.193778157978535,32.193778157978535,230,0.0,True,False
SITE_005,2025-01-21,0.0,0.0,2.1180286,13.941615096574935,32.193778157978535,32.193778157978535,230,0.0,True,False
SITE_005,2025-01-22,0.0,0.0,2.1180286,13.941615096574935,32.193778157978535,32.193778157978535,230,0.0,True,False
SITE_005,2025-01-23,0.0,0.0,2.1180286,13.941615096574935,32.193778157978535,32.193778157978535,230,0.0,True,False
SITE_005,2025-01-24,0.0,0.0,2.1180286,13.941615096574935,32.193778157978535,32.193778157978535,230,0.0,True,False
SITE_005,2025-01-25,0.0,0.0,2.1180286,13.941615096574935,32.193778157978535,32.193778157978535,230,0.0,True,False
SITE_005,2025-01-26,0.0,0.0,2.1180286,13.941615096574935,32.193778157978535,32.193778157978535,230,0.0,True,False
SITE_005,2025-01-27,0.0,0.0,2.1180286,13.941615096574935,32.193778157978535,32.193778157978535,230,0.0,True,False
SITE_005,2025-01-28,0.0,0.0,2.1180286,13.941615096574935,32.193778157978535,32.193778157978535,230,0.0,True,False
SITE_005,2025-01-29,0.0,0.0,2.1180286,13.941615096574935,32.193778157978535,32.193778157978535,230,0.0,True,False
SITE_005,2025-01-30,0.0,0.0,2.1180286,13.941615096574935,32.193778157978535,32.193778157978535,230,0.0,True,False
SITE_005,2025-01-31,0.0,0.0,2.1180286,13.941615096574935,32.193778157978535,32.193778157978535,230,0.0,True,False
SITE_005,2025-02-01,0.0,0.0,2.1180286,13.941615096574935,32.193778157978535,32.193778157978535,230,0.0,True,False
SITE_005,2025-02-02,0.0,0.0,2.1180286,13.941615096574935,32.193778157978535,32.193778157978535,230,0.0,True,False
SITE_005,2025-02-03,0.0,0.0,2.1180286,13.941615096574935,32.193778157978535,32.193778157978535,230,0.0,True,False
SITE_005,2025-02-04,0.0,0.0,2.1180286,13.941615096574935,32.193778157978535,32.193778157978535,230,0.0,True,False
SITE_005,2025-02-05,0.0,0.0,2.1180286,13.941615096574935,32.193778157978535,32.193778157978535,230,0.0,True,False
SITE_005,2025-02-06,0.0,0.0,2.1180286,13.941615096574935,32.193778157978535,32.193778157978535,230,0.0,True,False
SITE_005,2025-02-07,0.0,0.0,2.1180286,13.941615096574935,32.193778157978535,32.193778157978535,230,0.0,True,False
SITE_005,2025-02-08,0.0,0.0,2.1180286,13.941615096574935,32.193778157978535,32.193778157978535,230,0.0,True,False
SITE_005,2025-02-09,0.0,0.0,2.1180286,13.941615096574935,32.193778157978535,32.193778157978535,230,0.0,True,False
SITE_005,2025-02-10,0.0,0.0,2.1180286,13.941615096574935,32.193778157978535,32.193778157978535,230,0.0,True,False
SITE_005,2025-02-11,0.0,0.0,2.1180286,13.941615096574935,32.193778157978535,32.193778157978535,230,0.0,True,False
SITE_005,2025-02-12,0.0,0.0,2.1180286,13.941615096574935,32.193778157978535,32.193778157978535,230,0.0,True,False
SITE_005,2025-02-13,0.0,0.0,2.1180286,13.941615096574935,32.193778157978535,32.193778157978535,230,0.0,True,False
SITE_005,2025-02-14,0.0,0.0,2.1180286,13.941615096574935,32.193778157978535,32.193778157978535,230,0.0,True,False
SITE_005,2025-02-15,0.0,0.0,2.1180286,13.941615096574935,32.193778157978535,32.193778157978535,230,0.0,True,False
SITE_005,2025-02-16,0.0,0.0,2.1180286,13.941615096574935,32.193778157978535,32.193778157978535,230,0.0,True,False
SITE_005,2025-02-17,0.0,0.0,2.1180286,13.941615096574935,32.193778157978535,32.193778157978535,230,0.0,True,False
SITE_005,2025-02-18,0.0,0.0,2.1180286,13.941615096574935,32.193778157978535,32.193778157978535,230,0.0,True,False
SITE_005,2025-02-19,0.0,0.0,2.1180286,13.941615096574935,32.193778157978535,32.193778157978535,230,0.0,True,False
SITE_005,2025-02-20,0.0,0.0,2.1180286,13.941615096574935,32.193778157978535,32.193778157978535,230,0.0,True,False
SITE_005,2025-02-21,0.0,0.0,2.1180286,13.941615096574935,32.193778157978535,32.193778157978535,230,0.0,True,False
SITE_005,2025-02-22,0.0,0.0,2.1180286,13.941615096574935,32.193778157978535,32.193778157978535,230,0.0,True,False
SITE_005,2025-02-23,0.0,0.0,2.1180286,13.941615096574935,32.193778157978535,32.193778157978535,230,0.0,True,False
SITE_005,2025-02-24,0.0,0.0,2.1180286,13.941615096574935,32.193778157978535,32.193778157978535,230,0.0,True,False
SITE_005,2025-02-25,0.0,0.0,2.1180286,13.941615096574935,32.193778157978535,32.193778157978535,230,0.0,True,False
SITE_006,2025-01-01,0.0,0.0,0.47266537,7.46307891935945,257.42,257.42,443,0.0,False,False
SITE_006,2025-01-02,0.0,0.0,0.47266537,7.46307891935945,257.42,257.42,443,0.0,False,False
SITE_006,2025-01-03,0.0,0.0,0.47266537,7.46307891935945,257.42,257.42,443,0.0,False,False
SITE_006,2025-01-04,0.0,0.0,0.47266537,7.46307891935945,257.42,257.42,443,0.0,False,False
SITE_006,2025-01-05,0.0,0.0,0.47266537,7.46307891935945,257.42,257.42,443,0.0,False,False
SITE_006,2025-01-06,0.0,0.0,0.47266537,7.46307891935945,257.42,257.42,443,0.0,False,False
SITE_006,2025-01-07,0.0,0.0,0.47266537,7.46307891935945,257.42,257.42,443,0.0,False,False
SITE_006,2025-01-08,0.0,0.0,0.47266537,7.46307891935945,257.42,257.42,443,0.0,False,False
SITE_006,2025-01-09,0.0,0.0,0.47266537,7.46307891935945,257.42,257.42,443,0.0,False,False
SITE_006,2025-01-10,0.0,0.0,0.47266537,7.46307891935945,257.42,257.42,443,0.0,False,False
SITE_006,2025-01-11,0.0,0.0,0.47266537,7.46307891935945,257.42,257.42,443,0.0,False,False
SITE_006,2025-01-12,0.0,0.0,0.47266537,7.46307891935945,257.42,257.42,443,0.0,False,False
SITE_006,2025-01-13,0.0,0.0,0.47266537,7.46307891935945,257.42,257.42,443,0.0,False,False
SITE_006,2025-01-14,0.0,0.0,0.47266537,7.46307891935945,257.42,257.42,443,0.0,False,False
SITE_006,2025-01-15,0.0,0.0,0.47266537,7.46307891935945,257.42,257.42,443,0.0,False,False
SITE_006,2025-01-16,0.0,0.0,0.47266537,7.46307891935945,257.42,257.42,443,0.0,False,False
SITE_006,2025-01-17,0.0,0.0,0.47266537,7.46307891935945,257.42,257.42,443,0.0,False,False
SITE_006,2025-01-18,0.0,0.0,0.47266537,7.46307891935945,257.42,257.42,443,0.0,False,False
SITE_006,2025-01-19,0.0,0.0,0.47266537,7.46307891935945,257.42,257.42,443,0.0,False,False
SITE_006,2025-01-20,0.0,0.0,0.47266537,7.46307891935945,257.42,257.42,443,0.0,False,False
SITE_006,2025-01-21,0.0,0.0,0.47266537,7.46307891935945,257.42,257.42,443,0.0,False,False
SITE_006,2025-01-22,0.0,0.0,0.47266537,7.46307891935945,257.42,257.42,443,0.0,False,False
SITE_006,2025-01-23,0.0,0.0,0.47266537,7.46307891935945,257.42,257.42,443,0.0,False,False
SITE_006,2025-01-24,0.0,0.0,0.47266537,7.46307891935945,257.42,257.42,443,0.0,False,False
SITE_006,2025-01-25,0.0,0.0,0.47266537,7.46307891935945,257.42,257.42,443,0.0,False,False
SITE_006,2025-01-26,0.0,0.0,0.47266537,7.46307891935945,257.42,257.42,443,0.0,False,False
SITE_006,2025-01-27,0.0,0.0,0.47266537,7.46307891935945,257.42,257.42,443,0.0,False,False
SITE_006,2025-01-28,0.0,0.0,0.47266537,7.46307891935945,257.42,257.42,443,0.0,False,False
SITE_006,2025-01-29,0.0,0.0,0.47266537,7.46307891935945,257.42,257.42,443,0.0,False,False
SITE_006,2025-01-30,0.0,0.0,0.47266537,7.46307891935945,257.42,257.42,443,0.0,False,False
SITE_006,2025-01-31,0.0,0.0,0.47266537,7.46307891935945,257.42,257.42,443,0.0,False,False
SITE_006,2025-02-01,0.0,0.0,0.47266537,7.46307891935945,257.42,257.42,443,0.0,False,False
SITE_006,2025-02-02,0.0,0.0,0.47266537,7.46307891935945,257.42,257.42,443,0.0,False,False
SITE_006,2025-02-03,0.0,0.0,0.47266537,7.46307891935945,257.42,257.42,443,0.0,False,False
SITE_006,2025-02-04,0.0,0.0,0.47266537,7.46307891935945,257.42,257.42,443,0.0,False,False
SITE_006,2025-02-05,0.0,0.0,0.47266537,7.46307891935945,257.42,257.42,443,0.0,False,False
SITE_006,2025-02-06,0.0,0.0,0.47266537,7.46307891935945,257.42,257.42,443,0.0,False,False
SITE_006,2025-02-07,0.0,0.0,0.47266537,7.46307891935945,257.42,257.42,443,0.0,False,False
SITE_006,2025-02-08,0.0,0.0,0.47266537,7.46307891935945,257.42,257.42,443,0.0,False,False
SITE_006,2025-02-09,0.0,0.0,0.47266537,7.46307891935945,257.42,257.42,443,0.0,False,False
SITE_006,2025-02-10,0.0,0.0,0.47266537,7.46307891935945,257.42,257.42,443,0.0,False,False
SITE_006,2025-02-11,0.0,0.0,0.47266537,7.46307891935945,257.42,257.42,443,0.0,False,False
SITE_006,2025-02-12,0.0,0.0,0.47266537,7.46307891935945,257.42,257.42,443,0.0,False,False
SITE_006,2025-02-13,0.0,0.0,0.47266537,7.46307891935945,257.42,257.42,443,0.0,False,False
SITE_006,2025-02-14,0.0,0.0,0.47266537,7.46307891935945,257.42,257.42,443,0.0,False,False
SITE_006,2025-02-15,0.0,0.0,0.47266537,7.46307891935945,257.42,257.42,443,0.0,False,False
SITE_006,2025-02-16,0.0,0.0,0.47266537,7.46307891935945,257.42,257.42,443,0.0,False,False
SITE_006,2025-02-17,0.0,0.0,0.47266537,7.46307891935945,257.42,257.42,443,0.0,False,False
SITE_006,2025-02-18,0.0,0.0,0.47266537,7.46307891935945,257.42,257.42,443,0.0,False,False
SITE_006,2025-02-19,0.0,0.0,0.47266537,7.46307891935945,257.42,257.42,443,0.0,False,False
SITE_006,2025-02-20,0.0,0.0,0.47266537,7.46307891935945,257.42,257.42,443,0.0,False,False
SITE_006,2025-02-21,0.0,0.0,0.47266537,7.46307891935945,257.42,257.42,443,0.0,False,False
SITE_006,2025-02-22,0.0,0.0,0.47266537,7.46307891935945,257.42,257.42,443,0.0,False,False
SITE_006,2025-02-23,0.0,0.0,0.47266537,7.46307891935945,257.42,257.42,443,0.0,False,False
SITE_006,2025-02-24,0.0,0.0,0.47266537,7.46307891935945,257.42,257.42,443,0.0,False,False
SITE_006,2025-02-25,0.0,0.0,0.47266537,7.46307891935945,257.42,257.42,443,0.0,False,False
SITE_007,2025-01-01,44.30696680674322,50.149913248606026,47.035816,35.73517097899668,0.0,0.0,485,0.0,True,True
SITE_007,2025-01-02,44.34405691112695,50.26118356175721,47.035816,35.73517097899668,0.0,0.0,485,0.0,True,True
SITE_007,2025-01-03,44.346558271578125,50.26868764311075,47.035816,35.73517097899668,0.0,0.0,485,0.0,True,True
SITE_007,2025-01-04,44.346726963588274,50.26919371914119,47.035816,35.73517097899668,0.0,0.0,485,0.0,True,True
SITE_007,2025-01-05,44.3467383403144,50.26922784931958,47.035816,35.73517097899668,0.0,0.0,485,0.0,True,True
SITE_007,2025-01-06,44.34673910741376,50.26923015061766,47.035816,35.73517097899668,0.0,0.0,485,0.0,True,True
SITE_007,2025-01-07,44.34673915925739,50.26923030614853,47.035816,35.73517097899668,0.0,0.0,485,0.0,True,True
SITE_007,2025-01-08,44.34673916267224,50.26923031639308,47.035816,35.73517097899668,0.0,0.0,485,0.0,True,True
SITE_007,2025-01-09,44.34673916298268,50.2692303173244,47.035816,35.73517097899668,0.0,0.0,485,0.0,True,True
SITE_007,2025-01-10,44.34673916298268,50.2692303173244,47.035816,35.73517097899668,0.0,0.0,485,0.0,True,True
SITE_007,2025-01-11,44.34673916298268,50.2692303173244,47.035816,35.73517097899668,0.0,0.0,485,0.0,True,True
SITE_007,2025-01-12,44.34673916298268,50.2692303173244,47.035816,35.73517097899668,0.0,0.0,485,0.0,True,True
SITE_007,2025-01-13,44.34673916298268,50.2692303173244,47.035816,35.73517097899668,0.0,0.0,485,0.0,True,True
SITE_007,2025-01-14,44.34673916298268,50.2692303173244,47.035816,35.73517097899668,0.0,0.0,485,0.0,True,True
SITE_007,2025-01-15,44.34673916298268,50.2692303173244,47.035816,35.73517097899668,0.0,0.0,485,0.0,True,True
SITE_007,2025-01-16,44.34673916298268,50.2692303173244,47.035816,35.73517097899668,0.0,0.0,485,0.0,True,True
SITE_007,2025-01-17,44.34673916298268,50.2692303173244,47.035816,35.73517097899668,0.0,0.0,485,0.0,True,True
SITE_007,2025-01-18,44.34673916298268,50.2692303173244,47.035816,35.73517097899668,0.0,0.0,485,0.0,True,True
SITE_007,2025-01-19,44.34673916298268,50.2692303173244,47.035816,35.73517097899668,0.0,0.0,485,0.0,True,True
SITE_007,2025-01-20,44.34673916298268,50.2692303173244,47.035816,35.73517097899668,0.0,0.0,485,0.0,True,True
SITE_007,2025-01-21,44.34673916298268,50.2692303173244,47.035816,35.73517097899668,0.0,0.0,485,0.0,True,True
SITE_007,2025-01-22,44.34673916298268,50.2692303173244,47.035816,35.73517097899668,0.0,0.0,485,0.0,True,True
SITE_007,2025-01-23,44.34673916298268,50.2692303173244,47.035816,35.73517097899668,0.0,0.0,485,0.0,True,True
SITE_007,2025-01-24,44.34673916298268,50.2692303173244,47.035816,35.73517097899668,0.0,0.0,485,0.0,True,True
SITE_007,2025-01-25,44.34673916298268,50.2692303173244,47.035816,35.73517097899668,0.0,0.0,485,0.0,True,True
SITE_007,2025-01-26,44.34673916298268,50.2692303173244,47.035816,35.73517097899668,0.0,0.0,485,0.0,True,True
SITE_007,2025-01-27,44.34673916298268,50.2692303173244,47.035816,35.73517097899668,0.0,0.0,485,0.0,True,True
SITE_007,2025-01-28,44.34673916298268,50.2692303173244,47.035816,35.73517097899668,0.0,0.0,485,0.0,True,True
SITE_007,2025-01-29,44.34673916298268,50.2692303173244,47.035816,35.73517097899668,0.0,0.0,485,0.0,True,True
SITE_007,2025-01-30,44.34673916298268,50.2692303173244,47.035816,35.73517097899668,0.0,0.0,485,0.0,True,True
SITE_007,2025-01-31,44.34673916298268,50.2692303173244,47.035816,35.73517097899668,0.0,0.0,485,0.0,True,True
SITE_007,2025-02-01,44.34673916298268,50.2692303173244,47.035816,35.73517097899668,0.0,0.0,485,0.0,True,True
SITE_007,2025-02-02,44.34673916298268,50.2692303173244,47.035816,35.73517097899668,0.0,0.0,485,0.0,True,True
SITE_007,2025-02-03,44.34673916298268,50.2692303173244,47.035816,35.73517097899668,0.0,0.0,485,0.0,True,True
SITE_007,2025-02-04,44.34673916298268,50.2692303173244,47.035816,35.73517097899668,0.0,0.0,485,0.0,True,True
SITE_007,2025-02-05,44.34673916298268,50.2692303173244,47.035816,35.73517097899668,0.0,0.0,485,0.0,True,True
SITE_007,2025-02-06,44.34673916298268,50.2692303173244,47.035816,35.73517097899668,0.0,0.0,485,0.0,True,True
SITE_007,2025-02-07,44.34673916298268,50.2692303173244,47.035816,35.73517097899668,0.0,0.0,485,0.0,True,True
SITE_007,2025-02-08,44.34673916298268,50.2692303173244,47.035816,35.73517097899668,0.0,0.0,485,0.0,True,True
SITE_007,2025-02-09,44.34673916298268,50.2692303173244,47.035816,35.73517097899668,0.0,0.0,485,0.0,True,True
SITE_007,2025-02-10,44.34673916298268,50.2692303173244,47.035816,35.73517097899668,0.0,0.0,485,0.0,True,True
SITE_007,2025-02-11,44.34673916298268,50.2692303173244,47.035816,35.73517097899668,0.0,0.0,485,0.0,True,True
SITE_007,2025-02-12,44.34673916298268,50.2692303173244,47.035816,35.73517097899668,0.0,0.0,485,0.0,True,True
SITE_007,2025-02-13,44.34673916298268,50.2692303173244,47.035816,35.73517097899668,0.0,0.0,485,0.0,True,True
SITE_007,2025-02-14,44.34673916298268,50.2692303173244,47.035816,35.73517097899668,0.0,0.0,485,0.0,True,True
SITE_007,2025-02-15,44.34673916298268,50.2692303173244,47.035816,35.73517097899668,0.0,0.0,485,0.0,True,True
SITE_007,2025-02-16,44.34673916298268,50.2692303173244,47.035816,35.73517097899668,0.0,0.0,485,0.0,True,True
SITE_007,2025-02-17,44.34673916298268,50.2692303173244,47.035816,35.73517097899668,0.0,0.0,485,0.0,True,True
SITE_007,2025-02-18,44.34673916298268,50.2692303173244,47.035816,35.73517097899668,0.0,0.0,485,0.0,True,True
SITE_007,2025-02-19,44.34673916298268,50.2692303173244,47.035816,35.73517097899668,0.0,0.0,485,0.0,True,True
SITE_007,2025-02-20,44.34673916298268,50.2692303173244,47.035816,35.73517097899668,0.0,0.0,485,0.0,True,True
SITE_007,2025-02-21,44.34673916298268,50.2692303173244,47.035816,35.73517097899668,0.0,0.0,485,0.0,True,True
SITE_007,2025-02-22,44.34673916298268,50.2692303173244,47.035816,35.73517097899668,0.0,0.0,485,0.0,True,True
SITE_007,2025-02-23,44.34673916298268,50.2692303173244,47.035816,35.73517097899668,0.0,0.0,485,0.0,True,True
SITE_007,2025-02-24,44.34673916298268,50.2692303173244,47.035816,35.73517097899668,0.0,0.0,485,0.0,True,True
SITE_007,2025-02-25,44.34673916298268,50.2692303173244,47.035816,35.73517097899668,0.0,0.0,485,0.0,True,True
SITE_008,2025-01-01,4.275531001616154,4.787312865199056,1.0561438,6.983136378968253,48.64,44.36446899838385,260,0.0,True,False
SITE_008,2025-01-02,4.467418830467428,5.362976351752877,1.0561438,6.983136378968253,44.36446899838385,39.89705016791642,260,0.0,True,False
SITE_008,2025-01-03,4.490492905562007,5.432198577036616,1.0561438,6.983136378968253,39.89705016791642,35.40655726235441,260,0.0,True,False
SITE_008,2025-01-04,4.493267510623866,5.440522392222192,1.0561438,6.983136378968253,35.40655726235441,30.913289751730545,260,0.0,True,False
SITE_008,2025-01-05,4.493601150572185,5.441523312067147,1.0561438,6.983136378968253,30.913289751730545,26.41968860115836,260,0.0,True,False
SITE_008,2025-01-06,4.493641270008443,5.441643670375925,1.0561438,6.983136378968253,26.41968860115836,21.926047331149917,260,0.0,True,False
SITE_008,2025-01-07,4.493646094278783,5.441658143186942,1.0561438,6.983136378968253,21.926047331149917,17.432401236871133,260,0.0,True,False
SITE_008,2025-01-08,4.493646674395734,5.441659883537795,1.0561438,6.983136378968253,17.432401236871133,12.938754562475399,260,0.0,True,False
SITE_008,2025-01-09,4.493646744147914,5.441660092794336,1.0561438,6.983136378968253,12.938754562475399,8.445107818327486,260,0.0,True,False
SITE_008,2025-01-10,4.493646752529817,5.441660117940046,1.0561438,6.983136378968253,8.445107818327486,3.9514610657976688,260,0.0,True,False
SITE_008,2025-01-11,4.493646753538751,5.441660120966844,1.0561438,6.983136378968253,3.9514610657976688,0.0,260,0.0,True,True
SITE_008,2025-01-12,4.493646753655166,5.44166012131609,1.0561438,6.983136378968253,0.0,0.0,260,0.0,True,True
SITE_008,2025-01-13,4.493646753674568,5.441660121374298,1.0561438,6.983136378968253,0.0,0.0,260,0.0,True,True
SITE_008,2025-01-14,4.493646753674568,5.441660121374298,1.0561438,6.983136378968253,0.0,0.0,260,0.0,True,True
SITE_008,2025-01-15,4.493646753674568,5.441660121374298,1.0561438,6.983136378968253,0.0,0.0,260,0.0,True,True
SITE_008,2025-01-16,4.493646753674568,5.441660121374298,1.0561438,6.983136378968253,0.0,0.0,260,0.0,True,True
SITE_008,2025-01-17,4.493646753674568,5.441660121374298,1.0561438,6.983136378968253,0.0,0.0,260,0.0,True,True
SITE_008,2025-01-18,4.493646753674568,5.441660121374298,1.0561438,6.983136378968253,0.0,0.0,260,0.0,True,True
SITE_008,2025-01-19,4.493646753674568,5.441660121374298,1.0561438,6.983136378968253,0.0,0.0,260,0.0,True,True
SITE_008,2025-01-20,4.493646753674568,5.441660121374298,1.0561438,6.983136378968253,0.0,0.0,260,0.0,True,True
SITE_008,2025-01-21,4.493646753674568,5.441660121374298,1.0561438,6.983136378968253,0.0,0.0,260,0.0,True,True
SITE_008,2025-01-22,4.493646753674568,5.441660121374298,1.0561438,6.983136378968253,0.0,0.0,260,0.0,True,True
SITE_008,2025-01-23,4.493646753674568,5.441660121374298,1.0561438,6.983136378968253,0.0,0.0,260,0.0,True,True
SITE_008,2025-01-24,4.493646753674568,5.441660121374298,1.0561438,6.983136378968253,0.0,0.0,260,0.0,True,True
SITE_008,2025-01-25,4.493646753674568,5.441660121374298,1.0561438,6.983136378968253,0.0,0.0,260,0.0,True,True
SITE_008,2025-01-26,4.493646753674568,5.441660121374298,1.0561438,6.983136378968253,0.0,0.0,260,0.0,True,True
SITE_008,2025-01-27,4.493646753674568,5.441660121374298,1.0561438,6.983136378968253,0.0,0.0,260,0.0,True,True
SITE_008,2025-01-28,4.493646753674568,5.441660121374298,1.0561438,6.983136378968253,0.0,0.0,260,0.0,True,True
SITE_008,2025-01-29,4.493646753674568,5.441660121374298,1.0561438,6.983136378968253,0.0,0.0,260,0.0,True,True
SITE_008,2025-01-30,4.493646753674568,5.441660121374298,1.0561438,6.983136378968253,0.0,0.0,260,0.0,True,True
SITE_008,2025-01-31,4.493646753674568,5.441660121374298,1.0561438,6.983136378968253,0.0,0.0,260,0.0,True,True
SITE_008,2025-02-01,4.493646753674568,5.441660121374298,1.0561438,6.983136378968253,0.0,0.0,260,0.0,True,True
SITE_008,2025-02-02,4.493646753674568,5.441660121374298,1.0561438,6.983136378968253,0.0,0.0,260,0.0,True,True
SITE_008,2025-02-03,4.493646753674568,5.441660121374298,1.0561438,6.983136378968253,0.0,0.0,260,0.0,True,True
SITE_008,2025-02-04,4.493646753674568,5.441660121374298,1.0561438,6.983136378968253,0.0,0.0,260,0.0,True,True
SITE_008,2025-02-05,4.493646753674568,5.441660121374298,1.0561438,6.983136378968253,0.0,0.0,260,0.0,True,True
SITE_008,2025-02-06,4.493646753674568,5.441660121374298,1.0561438,6.983136378968253,0.0,0.0,260,0.0,True,True
SITE_008,2025-02-07,4.493646753674568,5.441660121374298,1.0561438,6.983136378968253,0.0,0.0,260,0.0,True,True
SITE_008,2025-02-08,4.493646753674568,5.441660121374298,1.0561438,6.983136378968253,0.0,0.0,260,0.0,True,True
SITE_008,2025-02-09,4.493646753674568,5.441660121374298,1.0561438,6.983136378968253,0.0,0.0,260,0.0,True,True
SITE_008,2025-02-10,4.493646753674568,5.441660121374298,1.0561438,6.983136378968253,0.0,0.0,260,0.0,True,True
SITE_008,2025-02-11,4.493646753674568,5.441660121374298,1.0561438,6.983136378968253,0.0,0.0,260,0.0,True,True
SITE_008,2025-02-12,4.493646753674568,5.441660121374298,1.0561438,6.983136378968253,0.0,0.0,260,0.0,True,True
SITE_008,2025-02-13,4.493646753674568,5.441660121374298,1.0561438,6.983136378968253,0.0,0.0,260,0.0,True,True
SITE_008,2025-02-14,4.493646753674568,5.441660121374298,1.0561438,6.983136378968253,0.0,0.0,260,0.0,True,True
SITE_008,2025-02-15,4.493646753674568,5.441660121374298,1.0561438,6.983136378968253,0.0,0.0,260,0.0,True,True
SITE_008,2025-02-16,4.493646753674568,5.441660121374298,1.0561438,6.983136378968253,0.0,0.0,260,0.0,True,True
SITE_008,2025-02-17,4.493646753674568,5.441660121374298,1.0561438,6.983136378968253,0.0,0.0,260,0.0,True,True
SITE_008,2025-02-18,4.493646753674568,5.441660121374298,1.0561438,6.983136378968253,0.0,0.0,260,0.0,True,True
SITE_008,2025-02-19,4.493646753674568,5.441660121374298,1.0561438,6.983136378968253,0.0,0.0,260,0.0,True,True
SITE_008,2025-02-20,4.493646753674568,5.441660121374298,1.0561438,6.983136378968253,0.0,0.0,260,0.0,True,True
SITE_008,2025-02-21,4.493646753674568,5.441660121374298,1.0561438,6.983136378968253,0.0,0.0,260,0.0,True,True
SITE_008,2025-02-22,4.493646753674568,5.441660121374298,1.0561438,6.983136378968253,0.0,0.0,260,0.0,True,True
SITE_008,2025-02-23,4.493646753674568,5.441660121374298,1.0561438,6.983136378968253,0.0,0.0,260,0.0,True,True
SITE_008,2025-02-24,4.493646753674568,5.441660121374298,1.0561438,6.983136378968253,0.0,0.0,260,0.0,True,True
SITE_008,2025-02-25,4.493646753674568,5.441660121374298,1.0561438,6.983136378968253,0.0,0.0,260,0.0,True,True
SITE_009,2025-01-01,1.971469854328848,0.0,1.2307305,4.973081544082811,20285.4,352.0,352,0.0,False,False
SITE_009,2025-01-02,1.9721804956732365,0.0,1.2307305,4.973081544082811,352.0,350.02781950432677,352,0.0,False,False
SITE_009,2025-01-03,1.9721752603986036,0.0,1.2307305,4.973081544082811,350.02781950432677,348.05564424392816,352,0.0,False,False
SITE_009,2025-01-04,1.9721753001350333,0.0,1.2307305,4.973081544082811,348.05564424392816,346.08346894379315,352,0.0,False,False
SITE_009,2025-01-05,1.9721753001350333,0.0,1.2307305,4.973081544082811,346.08346894379315,344.11129364365814,352,0.0,False,False
SITE_009,2025-01-06,1.9721753001350333,0.0,1.2307305,4.973081544082811,344.11129364365814,342.13911834352314,352,0.0,False,False
SITE_009,2025-01-07,1.9721753001350333,0.0,1.2307305,4.973081544082811,342.13911834352314,340.16694304338813,352,0.0,False,False
SITE_009,2025-01-08,1.9721753001350333,0.0,1.2307305,4.973081544082811,340.16694304338813,338.1947677432531,352,0.0,False,False
SITE_009,2025-01-09,1.9721753001350333,0.0,1.2307305,4.973081544082811,338.1947677432531,336.2225924431181,352,0.0,False,False
SITE_009,2025-01-10,1.9721753001350333,0.0,1.2307305,4.973081544082811,336.2225924431181,334.2504171429831,352,0.0,False,False
SITE_009,2025-01-11,1.9721753001350333,0.0,1.2307305,4.973081544082811,334.2504171429831,332.2782418428481,352,0.0,False,False
SITE_009,2025-01-12,1.9721753001350333,0.0,1.2307305,4.973081544082811,332.2782418428481,330.3060665427131,352,0.0,False,False
SITE_009,2025-01-13,1.9721753001350333,0.0,1.2307305,4.973081544082811,330.3060665427131,328.3338912425781,352,0.0,False,False
SITE_009,2025-01-14,1.9721753001350333,0.0,1.2307305,4.973081544082811,328.3338912425781,326.3617159424431,352,0.0,False,False
SITE_009,2025-01-15,1.9721753001350333,0.0,1.2307305,4.973081544082811,326.3617159424431,324.3895406423081,352,0.0,False,False
SITE_009,2025-01-16,1.9721753001350333,0.0,1.2307305,4.973081544082811,324.3895406423081,322.41736534217307,352,0.0,False,False
SITE_009,2025-01-17,1.9721753001350333,0.0,1.2307305,4.973081544082811,322.41736534217307,320.44519004203806,352,0.0,False,False
SITE_009,2025-01-18,1.9721753001350333,0.0,1.2307305,4.973081544082811,320.44519004203806,318.47301474190306,352,0.0,False,False
SITE_009,2025-01-19,1.9721753001350333,0.0,1.2307305,4.973081544082811,318.47301474190306,316.50083944176805,352,0.0,False,False
SITE_009,2025-01-20,1.9721753001350333,0.0,1.2307305,4.973081544082811,316.50083944176805,314.52866414163304,352,0.0,False,False
SITE_009,2025-01-21,1.9721753001350333,0.0,1.2307305,4.973081544082811,314.52866414163304,312.55648884149804,352,0.0,False,False
SITE_009,2025-01-22,1.9721753001350333,0.0,1.2307305,4.973081544082811,312.55648884149804,310.58431354136303,352,0.0,False,False
SITE_009,2025-01-23,1.9721753001350333,0.0,1.2307305,4.973081544082811,310.58431354136303,308.612138241228,352,0.0,False,False
SITE_009,2025-01-24,1.9721753001350333,0.0,1.2307305,4.973081544082811,308.612138241228,306.639962941093,352,0.0,False,False
SITE_009,2025-01-25,1.9721753001350333,0.0,1.2307305,4.973081544082811,306.639962941093,304.667787640958,352,0.0,False,False
SITE_009,2025-01-26,1.9721753001350333,0.0,1.2307305,4.973081544082811,304.667787640958,302.695612340823,352,0.0,False,False
SITE_009,2025-01-27,1.9721753001350333,0.0,1.2307305,4.973081544082811,302.695612340823,300.723437040688,352,0.0,False,False
SITE_009,2025-01-28,1.9721753001350333,0.0,1.2307305,4.973081544082811,300.723437040688,298.751261740553,352,0.0,False,False
SITE_009,2025-01-29,1.9721753001350333,0.0,1.2307305,4.973081544082811,298.751261740553,296.779086440418,352,0.0,False,False
SITE_009,2025-01-30,1.9721753001350333,0.0,1.2307305,4.973081544082811,296.779086440418,294.806911140283,352,0.0,False,False
SITE_009,2025-01-31,1.9721753001350333,0.0,1.2307305,4.973081544082811,294.806911140283,292.83473584014797,352,0.0,False,False
SITE_009,2025-02-01,1.9721753001350333,0.0,1.2307305,4.973081544082811,292.83473584014797,290.86256054001296,352,0.0,False,False
SITE_009,2025-02-02,1.9721753001350333,0.0,1.2307305,4.973081544082811,290.86256054001296,288.89038523987796,352,0.0,False,False
SITE_009,2025-02-03,1.9721753001350333,0.0,1.2307305,4.973081544082811,288.89038523987796,286.91820993974295,352,0.0,False,False
SITE_009,2025-02-04,1.9721753001350333,0.0,1.2307305,4.973081544082811,286.91820993974295,284.94603463960794,352,0.0,False,False
SITE_009,2025-02-05,1.9721753001350333,0.0,1.2307305,4.973081544082811,284.94603463960794,282.97385933947294,352,0.0,False,False
SITE_009,2025-02-06,1.9721753001350333,0.0,1.2307305,4.973081544082811,282.97385933947294,281.00168403933793,352,0.0,False,False
SITE_009,2025-02-07,1.9721753001350333,0.0,1.2307305,4.973081544082811,281.00168403933793,279.0295087392029,352,0.0,False,False
SITE_009,2025-02-08,1.9721753001350333,0.0,1.2307305,4.973081544082811,279.0295087392029,277.0573334390679,352,0.0,False,False
SITE_009,2025-02-09,1.9721753001350333,0.0,1.2307305,4.973081544082811,277.0573334390679,275.0851581389329,352,0.0,False,False
SITE_009,2025-02-10,1.9721753001350333,0.0,1.2307305,4.973081544082811,275.0851581389329,273.1129828387979,352,0.0,False,False
SITE_009,2025-02-11,1.9721753001350333,0.0,1.2307305,4.973081544082811,273.1129828387979,271.1408075386629,352,0.0,False,False
SITE_009,2025-02-12,1.9721753001350333,0.0,1.2307305,4.973081544082811,271.1408075386629,269.1686322385279,352,0.0,False,False
SITE_009,2025-02-13,1.9721753001350333,0.0,1.2307305,4.973081544082811,269.1686322385279,267.1964569383929,352,0.0,False,False
SITE_009,2025-02-14,1.9721753001350333,0.0,1.2307305,4.973081544082811,267.1964569383929,265.2242816382579,352,0.0,False,False
SITE_009,2025-02-15,1.9721753001350333,0.0,1.2307305,4.973081544082811,265.2242816382579,263.25210633812287,352,0.0,False,False
SITE_009,2025-02-16,1.9721753001350333,0.0,1.2307305,4.973081544082811,263.25210633812287,261.27993103798786,352,0.0,False,False
SITE_009,2025-02-17,1.9721753001350333,0.0,1.2307305,4.973081544082811,261.27993103798786,259.30775573785286,352,0.0,False,False
SITE_009,2025-02-18,1.9721753001350333,0.0,1.2307305,4.973081544082811,259.30775573785286,257.33558043771785,352,0.0,False,False
SITE_009,2025-02-19,1.9721753001350333,0.0,1.2307305,4.973081544082811,257.33558043771785,255.36340513758282,352,0.0,False,False
SITE_009,2025-02-20,1.9721753001350333,0.0,1.2307305,4.973081544082811,255.36340513758282,253.39122983744778,352,0.0,False,False
SITE_009,2025-02-21,1.9721753001350333,0.0,1.2307305,4.973081544082811,253.39122983744778,251.41905453731275,352,0.0,False,False
SITE_009,2025-02-22,1.9721753001350333,0.0,1.2307305,4.973081544082811,251.41905453731275,249.4468792371777,352,0.0,False,False
SITE_009,2025-02-23,1.9721753001350333,0.0,1.2307305,4.973081544082811,249.4468792371777,247.47470393704268,352,0.0,False,False
SITE_009,2025-02-24,1.9721753001350333,0.0,1.2307305,4.973081544082811,247.47470393704268,245.50252863690764,352,0.0,False,False
SITE_009,2025-02-25,1.9721753001350333,0.0,1.2307305,4.973081544082811,245.50252863690764,243.5303533367726,352,0.0,False,False
SITE_010,2025-01-01,32.09711223541972,36.73267114162445,30.982916,28.575749686338813,0.0,0.0,158,0.0,True,True
SITE_010,2025-01-02,32.09607567091064,36.72956144809723,30.982916,28.575749686338813,0.0,0.0,158,0.0,True,True
SITE_010,2025-01-03,32.09607634642995,36.72956347465515,30.982916,28.575749686338813,0.0,0.0,158,0.0,True,True
SITE_010,2025-01-04,32.09607634642995,36.72956347465515,30.982916,28.575749686338813,0.0,0.0,158,0.0,True,True
SITE_010,2025-01-05,32.09607634642995,36.72956347465515,30.982916,28.575749686338813,0.0,0.0,158,0.0,True,True
SITE_010,2025-01-06,32.09607634642995,36.72956347465515,30.982916,28.575749686338813,0.0,0.0,158,0.0,True,True
SITE_010,2025-01-07,32.09607634642995,36.72956347465515,30.982916,28.575749686338813,0.0,0.0,158,0.0,True,True
SITE_010,2025-01-08,32.09607634642995,36.72956347465515,30.982916,28.575749686338813,0.0,0.0,158,0.0,True,True
SITE_010,2025-01-09,32.09607634642995,36.72956347465515,30.982916,28.575749686338813,0.0,0.0,158,0.0,True,True
SITE_010,2025-01-10,32.09607634642995,36.72956347465515,30.982916,28.575749686338813,0.0,0.0,158,0.0,True,True
SITE_010,2025-01-11,32.09607634642995,36.72956347465515,30.982916,28.575749686338813,0.0,0.0,158,0.0,True,True
SITE_010,2025-01-12,32.09607634642995,36.72956347465515,30.982916,28.575749686338813,0.0,0.0,158,0.0,True,True
SITE_010,2025-01-13,32.09607634642995,36.72956347465515,30.982916,28.575749686338813,0.0,0.0,158,0.0,True,True
SITE_010,2025-01-14,32.09607634642995,36.72956347465515,30.982916,28.575749686338813,0.0,0.0,158,0.0,True,True
SITE_010,2025-01-15,32.09607634642995,36.72956347465515,30.982916,28.575749686338813,0.0,0.0,158,0.0,True,True
SITE_010,2025-01-16,32.09607634642995,36.72956347465515,30.982916,28.575749686338813,0.0,0.0,158,0.0,True,True
SITE_010,2025-01-17,32.09607634642995,36.72956347465515,30.982916,28.575749686338813,0.0,0.0,158,0.0,True,True
SITE_010,2025-01-18,32.09607634642995,36.72956347465515,30.982916,28.575749686338813,0.0,0.0,158,0.0,True,True
SITE_010,2025-01-19,32.09607634642995,36.72956347465515,30.982916,28.575749686338813,0.0,0.0,158,0.0,True,True
SITE_010,2025-01-20,32.09607634642995,36.72956347465515,30.982916,28.575749686338813,0.0,0.0,158,0.0,True,True
SITE_010,2025-01-21,32.09607634642995,36.72956347465515,30.982916,28.575749686338813,0.0,0.0,158,0.0,True,True
SITE_010,2025-01-22,32.09607634642995,36.72956347465515,30.982916,28.575749686338813,0.0,0.0,158,0.0,True,True
SITE_010,2025-01-23,32.09607634642995,36.72956347465515,30.982916,28.575749686338813,0.0,0.0,158,0.0,True,True
SITE_010,2025-01-24,32.09607634642995,36.72956347465515,30.982916,28.575749686338813,0.0,0.0,158,0.0,True,True
SITE_010,2025-01-25,32.09607634642995,36.72956347465515,30.982916,28.575749686338813,0.0,0.0,158,0.0,True,True
SITE_010,2025-01-26,32.09607634642995,36.72956347465515,30.982916,28.575749686338813,0.0,0.0,158,0.0,True,True
SITE_010,2025-01-27,32.09607634642995,36.72956347465515,30.982916,28.575749686338813,0.0,0.0,158,0.0,True,True
SITE_010,2025-01-28,32.09607634642995,36.72956347465515,30.982916,28.575749686338813,0.0,0.0,158,0.0,True,True
SITE_010,2025-01-29,32.09607634642995,36.72956347465515,30.982916,28.575749686338813,0.0,0.0,158,0.0,True,True
SITE_010,2025-01-30,32.09607634642995,36.72956347465515,30.982916,28.575749686338813,0.0,0.0,158,0.0,True,True
SITE_010,2025-01-31,32.09607634642995,36.72956347465515,30.982916,28.575749686338813,0.0,0.0,158,0.0,True,True
SITE_010,2025-02-01,32.09607634642995,36.72956347465515,30.982916,28.575749686338813,0.0,0.0,158,0.0,True,True
SITE_010,2025-02-02,32.09607634642995,36.72956347465515,30.982916,28.575749686338813,0.0,0.0,158,0.0,True,True
SITE_010,2025-02-03,32.09607634642995,36.72956347465515,30.982916,28.575749686338813,0.0,0.0,158,0.0,True,True
SITE_010,2025-02-04,32.09607634642995,36.72956347465515,30.982916,28.575749686338813,0.0,0.0,158,0.0,True,True
SITE_010,2025-02-05,32.09607634642995,36.72956347465515,30.982916,28.575749686338813,0.0,0.0,158,0.0,True,True
SITE_010,2025-02-06,32.09607634642995,36.72956347465515,30.982916,28.575749686338813,0.0,0.0,158,0.0,True,True
SITE_010,2025-02-07,32.09607634642995,36.72956347465515,30.982916,28.575749686338813,0.0,0.0,158,0.0,True,True
SITE_010,2025-02-08,32.09607634642995,36.72956347465515,30.982916,28.575749686338813,0.0,0.0,158,0.0,True,True
SITE_010,2025-02-09,32.09607634642995,36.72956347465515,30.982916,28.575749686338813,0.0,0.0,158,0.0,True,True
SITE_010,2025-02-10,32.09607634642995,36.72956347465515,30.982916,28.575749686338813,0.0,0.0,158,0.0,True,True
SITE_010,2025-02-11,32.09607634642995,36.72956347465515,30.982916,28.575749686338813,0.0,0.0,158,0.0,True,True
SITE_010,2025-02-12,32.09607634642995,36.72956347465515,30.982916,28.575749686338813,0.0,0.0,158,0.0,True,True
SITE_010,2025-02-13,32.09607634642995,36.72956347465515,30.982916,28.575749686338813,0.0,0.0,158,0.0,True,True
SITE_010,2025-02-14,32.09607634642995,36.72956347465515,30.982916,28.575749686338813,0.0,0.0,158,0.0,True,True
SITE_010,2025-02-15,32.09607634642995,36.72956347465515,30.982916,28.575749686338813,0.0,0.0,158,0.0,True,True
SITE_010,2025-02-16,32.09607634642995,36.72956347465515,30.982916,28.575749686338813,0.0,0.0,158,0.0,True,True
SITE_010,2025-02-17,32.09607634642995,36.72956347465515,30.982916,28.575749686338813,0.0,0.0,158,0.0,True,True
SITE_010,2025-02-18,32.09607634642995,36.72956347465515,30.982916,28.575749686338813,0.0,0.0,158,0.0,True,True
SITE_010,2025-02-19,32.09607634642995,36.72956347465515,30.982916,28.575749686338813,0.0,0.0,158,0.0,True,True
SITE_010,2025-02-20,32.09607634642995,36.72956347465515,30.982916,28.575749686338813,0.0,0.0,158,0.0,True,True
SITE_010,2025-02-21,32.09607634642995,36.72956347465515,30.982916,28.575749686338813,0.0,0.0,158,0.0,True,True
SITE_010,2025-02-22,32.09607634642995,36.72956347465515,30.982916,28.575749686338813,0.0,0.0,158,0.0,True,True
SITE_010,2025-02-23,32.09607634642995,36.72956347465515,30.982916,28.575749686338813,0.0,0.0,158,0.0,True,True
SITE_010,2025-02-24,32.09607634642995,36.72956347465515,30.982916,28.575749686338813,0.0,0.0,158,0.0,True,True
SITE_010,2025-02-25,32.09607634642995,36.72956347465515,30.982916,28.575749686338813,0.0,0.0,158,0.0,True,True
SITE_011,2025-01-01,6.935893644101647,2.261027717962861,4.880585,13.666068020708046,25.19,18.254106355898355,287,0.0,True,False
SITE_011,2025-01-02,6.9744818382782015,2.376792300492525,4.880585,13.666068020708046,18.254106355898355,11.279624517620153,287,0.0,True,False
SITE_011,2025-01-03,6.976457553128131,2.382719445042312,4.880585,13.666068020708046,11.279624517620153,4.303166964492022,287,0.0,True,False
SITE_011,2025-01-04,6.976558709660895,2.383022914640605,4.880585,13.666068020708046,4.303166964492022,0.0,287,0.0,True,True
SITE_011,2025-01-05,6.976563888745733,2.3830384518951178,4.880585,13.666068020708046,0.0,0.0,287,0.0,True,True
SITE_011,2025-01-06,6.976564153862225,2.3830392472445965,4.880585,13.666068020708046,0.0,0.0,287,0.0,True,True
SITE_011,2025-01-07,6.976564167521623,2.3830392882227898,4.880585,13.666068020708046,0.0,0.0,287,0.0,True,True
SITE_011,2025-01-08,6.976564168142505,2.383039290085435,4.880585,13.666068020708046,0.0,0.0,287,0.0,True,True
SITE_011,2025-01-09,6.976564168142505,2.383039290085435,4.880585,13.666068020708046,0.0,0.0,287,0.0,True,True
SITE_011,2025-01-10,6.976564168142505,2.383039290085435,4.880585,13.666068020708046,0.0,0.0,287,0.0,True,True
SITE_011,2025-01-11,6.976564168142505,2.383039290085435,4.880585,13.666068020708046,0.0,0.0,287,0.0,True,True
SITE_011,2025-01-12,6.976564168142505,2.383039290085435,4.880585,13.666068020708046,0.0,0.0,287,0.0,True,True
SITE_011,2025-01-13,6.976564168142505,2.383039290085435,4.880585,13.666068020708046,0.0,0.0,287,0.0,True,True
SITE_011,2025-01-14,6.976564168142505,2.383039290085435,4.880585,13.666068020708046,0.0,0.0,287,0.0,True,True
SITE_011,2025-01-15,6.976564168142505,2.383039290085435,4.880585,13.666068020708046,0.0,0.0,287,0.0,True,True
SITE_011,2025-01-16,6.976564168142505,2.383039290085435,4.880585,13.666068020708046,0.0,0.0,287,0.0,True,True
SITE_011,2025-01-17,6.976564168142505,2.383039290085435,4.880585,13.666068020708046,0.0,0.0,287,0.0,True,True
SITE_011,2025-01-18,6.976564168142505,2.383039290085435,4.880585,13.666068020708046,0.0,0.0,287,0.0,True,True
SITE_011,2025-01-19,6.976564168142505,2.383039290085435,4.880585,13.666068020708046,0.0,0.0,287,0.0,True,True
SITE_011,2025-01-20,6.976564168142505,2.383039290085435,4.880585,13.666068020708046,0.0,0.0,287,0.0,True,True
SITE_011,2025-01-21,6.976564168142505,2.383039290085435,4.880585,13.666068020708046,0.0,0.0,287,0.0,True,True
SITE_011,2025-01-22,6.976564168142505,2.383039290085435,4.880585,13.666068020708046,0.0,0.0,287,0.0,True,True
SITE_011,2025-01-23,6.976564168142505,2.383039290085435,4.880585,13.666068020708046,0.0,0.0,287,0.0,True,True
SITE_011,2025-01-24,6.976564168142505,2.383039290085435,4.880585,13.666068020708046,0.0,0.0,287,0.0,True,True
SITE_011,2025-01-25,6.976564168142505,2.383039290085435,4.880585,13.666068020708046,0.0,0.0,287,0.0,True,True
SITE_011,2025-01-26,6.976564168142505,2.383039290085435,4.880585,13.666068020708046,0.0,0.0,287,0.0,True,True
SITE_011,2025-01-27,6.976564168142505,2.383039290085435,4.880585,13.666068020708046,0.0,0.0,287,0.0,True,True
SITE_011,2025-01-28,6.976564168142505,2.383039290085435,4.880585,13.666068020708046,0.0,0.0,287,0.0,True,True
SITE_011,2025-01-29,6.976564168142505,2.383039290085435,4.880585,13.666068020708046,0.0,0.0,287,0.0,True,True
SITE_011,2025-01-30,6.976564168142505,2.383039290085435,4.880585,13.666068020708046,0.0,0.0,287,0.0,True,True
SITE_011,2025-01-31,6.976564168142505,2.383039290085435,4.880585,13.666068020708046,0.0,0.0,287,0.0,True,True
SITE_011,2025-02-01,6.976564168142505,2.383039290085435,4.880585,13.666068020708046,0.0,0.0,287,0.0,True,True
SITE_011,2025-02-02,6.976564168142505,2.383039290085435,4.880585,13.666068020708046,0.0,0.0,287,0.0,True,True
SITE_011,2025-02-03,6.976564168142505,2.383039290085435,4.880585,13.666068020708046,0.0,0.0,287,0.0,True,True
SITE_011,2025-02-04,6.976564168142505,2.383039290085435,4.880585,13.666068020708046,0.0,0.0,287,0.0,True,True
SITE_011,2025-02-05,6.976564168142505,2.383039290085435,4.880585,13.666068020708046,0.0,0.0,287,0.0,True,True
SITE_011,2025-02-06,6.976564168142505,2.383039290085435,4.880585,13.666068020708046,0.0,0.0,287,0.0,True,True
SITE_011,2025-02-07,6.976564168142505,2.383039290085435,4.880585,13.666068020708046,0.0,0.0,287,0.0,True,True
SITE_011,2025-02-08,6.976564168142505,2.383039290085435,4.880585,13.666068020708046,0.0,0.0,287,0.0,True,True
SITE_011,2025-02-09,6.976564168142505,2.383039290085435,4.880585,13.666068020708046,0.0,0.0,287,0.0,True,True
SITE_011,2025-02-10,6.976564168142505,2.383039290085435,4.880585,13.666068020708046,0.0,0.0,287,0.0,True,True
SITE_011,2025-02-11,6.976564168142505,2.383039290085435,4.880585,13.666068020708046,0.0,0.0,287,0.0,True,True
SITE_011,2025-02-12,6.976564168142505,2.383039290085435,4.880585,13.666068020708046,0.0,0.0,287,0.0,True,True
SITE_011,2025-02-13,6.976564168142505,2.383039290085435,4.880585,13.666068020708046,0.0,0.0,287,0.0,True,True
SITE_011,2025-02-14,6.976564168142505,2.383039290085435,4.880585,13.666068020708046,0.0,0.0,287,0.0,True,True
SITE_011,2025-02-15,6.976564168142505,2.383039290085435,4.880585,13.666068020708046,0.0,0.0,287,0.0,True,True
SITE_011,2025-02-16,6.976564168142505,2.383039290085435,4.880585,13.666068020708046,0.0,0.0,287,0.0,True,True
SITE_011,2025-02-17,6.976564168142505,2.383039290085435,4.880585,13.666068020708046,0.0,0.0,287,0.0,True,True
SITE_011,2025-02-18,6.976564168142505,2.383039290085435,4.880585,13.666068020708046,0.0,0.0,287,0.0,True,True
SITE_011,2025-02-19,6.976564168142505,2.383039290085435,4.880585,13.666068020708046,0.0,0.0,287,0.0,True,True
SITE_011,2025-02-20,6.976564168142505,2.383039290085435,4.880585,13.666068020708046,0.0,0.0,287,0.0,True,True
SITE_011,2025-02-21,6.976564168142505,2.383039290085435,4.880585,13.666068020708046,0.0,0.0,287,0.0,True,True
SITE_011,2025-02-22,6.976564168142505,2.383039290085435,4.880585,13.666068020708046,0.0,0.0,287,0.0,True,True
SITE_011,2025-02-23,6.976564168142505,2.383039290085435,4.880585,13.666068020708046,0.0,0.0,287,0.0,True,True
SITE_011,2025-02-24,6.976564168142505,2.383039290085435,4.880585,13.666068020708046,0.0,0.0,287,0.0,True,True
SITE_011,2025-02-25,6.976564168142505,2.383039290085435,4.880585,13.666068020708046,0.0,0.0,287,0.0,True,True
SITE_012,2025-01-01,12.31585047605301,13.799058197066188,11.511474,11.63701957539216,20476.64,274.0,274,0.0,False,False
SITE_012,2025-01-02,12.43905795701012,14.16868063993752,11.511474,11.63701957539216,274.0,261.5609420429899,274,0.0,False,False
SITE_012,2025-01-03,12.462185891905577,14.238064444623888,11.511474,11.63701957539216,261.5609420429899,249.09875615108433,274,0.0,False,False
SITE_012,2025-01-04,12.466527360120566,14.251088849268854,11.511474,11.63701957539216,249.09875615108433,236.63222879096378,274,0.0,False,False
SITE_012,2025-01-05,12.46734232045874,14.25353373028338,11.511474,11.63701957539216,236.63222879096378,224.16488647050505,274,0.0,False,False
SITE_012,2025-01-06,12.46749530105705,14.253992672078311,11.511474,11.63701957539216,224.16488647050505,211.697391169448,274,0.0,False,False
SITE_012,2025-01-07,12.467524017767758,14.254078822210433,11.511474,11.63701957539216,211.697391169448,199.22986715168025,274,0.0,False,False
SITE_012,2025-01-08,12.46752940826282,14.254094993695617,11.511474,11.63701957539216,199.22986715168025,186.76233774341745,274,0.0,False,False
SITE_012,2025-01-09,12.467530420300015,14.25409802980721,11.511474,11.63701957539216,186.76233774341745,174.29480732311742,274,0.0,False,False
SITE_012,2025-01-10,12.467530610289822,14.254098599776626,11.511474,11.63701957539216,174.29480732311742,161.8272767128276,274,0.0,False,False
SITE_012,2025-01-11,12.467530645990522,14.254098706878722,11.511474,11.63701957539216,161.8272767128276,149.3597460668371,274,0.0,False,False
SITE_012,2025-01-12,12.46753065282022,14.254098727367818,11.511474,11.63701957539216,149.3597460668371,136.89221541401687,274,0.0,False,False
SITE_012,2025-01-13,12.467530654061983,14.254098731093109,11.511474,11.63701957539216,136.89221541401687,124.42468475995489,274,0.0,False,False
SITE_012,2025-01-14,12.467530654372425,14.254098732024431,11.511474,11.63701957539216,124.42468475995489,111.95715410558246,274,0.0,False,False
SITE_012,2025-01-15,12.467530654372425,14.254098732024431,11.511474,11.63701957539216,111.95715410558246,99.48962345121004,274,0.0,False,False
SITE_012,2025-01-16,12.467530654372425,14.254098732024431,11.511474,11.63701957539216,99.48962345121004,87.02209279683761,274,0.0,False,False
SITE_012,2025-01-17,12.467530654372425,14.254098732024431,11.511474,11.63701957539216,87.02209279683761,74.55456214246519,274,0.0,False,False
SITE_012,2025-01-18,12.467530654372425,14.254098732024431,11.511474,11.63701957539216,74.55456214246519,62.08703148809276,274,0.0,True,False
SITE_012,2025-01-19,12.467530654372425,14.254098732024431,11.511474,11.63701957539216,62.08703148809276,49.61950083372034,274,0.0,True,False
SITE_012,2025-01-20,12.467530654372425,14.254098732024431,11.511474,11.63701957539216,49.61950083372034,37.15197017934791,274,0.0,True,False
SITE_012,2025-01-21,12.467530654372425,14.254098732024431,11.511474,11.63701957539216,37.15197017934791,24.684439524975488,274,0.0,True,False
SITE_012,2025-01-22,12.467530654372425,14.254098732024431,11.511474,11.63701957539216,24.684439524975488,12.216908870603064,274,0.0,True,False
SITE_012,2025-01-23,12.467530654372425,14.254098732024431,11.511474,11.63701957539216,12.216908870603064,0.0,274,0.0,True,True
SITE_012,2025-01-24,12.467530654372425,14.254098732024431,11.511474,11.63701957539216,0.0,0.0,274,0.0,True,True
SITE_012,2025-01-25,12.467530654372425,14.254098732024431,11.511474,11.63701957539216,0.0,0.0,274,0.0,True,True
SITE_012,2025-01-26,12.467530654372425,14.254098732024431,11.511474,11.63701957539216,0.0,0.0,274,0.0,True,True
SITE_012,2025-01-27,12.467530654372425,14.254098732024431,11.511474,11.63701957539216,0.0,0.0,274,0.0,True,True
SITE_012,2025-01-28,12.467530654372425,14.254098732024431,11.511474,11.63701957539216,0.0,0.0,274,0.0,True,True
SITE_012,2025-01-29,12.467530654372425,14.254098732024431,11.511474,11.63701957539216,0.0,0.0,274,0.0,True,True
SITE_012,2025-01-30,12.467530654372425,14.254098732024431,11.511474,11.63701957539216,0.0,0.0,274,0.0,True,True
SITE_012,2025-01-31,12.467530654372425,14.254098732024431,11.511474,11.63701957539216,0.0,0.0,274,0.0,True,True
SITE_012,2025-02-01,12.467530654372425,14.254098732024431,11.511474,11.63701957539216,0.0,0.0,274,0.0,True,True
SITE_012,2025-02-02,12.467530654372425,14.254098732024431,11.511474,11.63701957539216,0.0,0.0,274,0.0,True,True
SITE_012,2025-02-03,12.467530654372425,14.254098732024431,11.511474,11.63701957539216,0.0,0.0,274,0.0,True,True
SITE_012,2025-02-04,12.467530654372425,14.254098732024431,11.511474,11.63701957539216,0.0,0.0,274,0.0,True,True
SITE_012,2025-02-05,12.467530654372425,14.254098732024431,11.511474,11.63701957539216,0.0,0.0,274,0.0,True,True
SITE_012,2025-02-06,12.467530654372425,14.254098732024431,11.511474,11.63701957539216,0.0,0.0,274,0.0,True,True
SITE_012,2025-02-07,12.467530654372425,14.254098732024431,11.511474,11.63701957539216,0.0,0.0,274,0.0,True,True
SITE_012,2025-02-08,12.467530654372425,14.254098732024431,11.511474,11.63701957539216,0.0,0.0,274,0.0,True,True
SITE_012,2025-02-09,12.467530654372425,14.254098732024431,11.511474,11.63701957539216,0.0,0.0,274,0.0,True,True
SITE_012,2025-02-10,12.467530654372425,14.254098732024431,11.511474,11.63701957539216,0.0,0.0,274,0.0,True,True
SITE_012,2025-02-11,12.467530654372425,14.254098732024431,11.511474,11.63701957539216,0.0,0.0,274,0.0,True,True
SITE_012,2025-02-12,12.467530654372425,14.254098732024431,11.511474,11.63701957539216,0.0,0.0,274,0.0,True,True
SITE_012,2025-02-13,12.467530654372425,14.254098732024431,11.511474,11.63701957539216,0.0,0.0,274,0.0,True,True
SITE_012,2025-02-14,12.467530654372425,14.254098732024431,11.511474,11.63701957539216,0.0,0.0,274,0.0,True,True
SITE_012,2025-02-15,12.467530654372425,14.254098732024431,11.511474,11.63701957539216,0.0,0.0,274,0.0,True,True
SITE_012,2025-02-16,12.467530654372425,14.254098732024431,11.511474,11.63701957539216,0.0,0.0,274,0.0,True,True
SITE_012,2025-02-17,12.467530654372425,14.254098732024431,11.511474,11.63701957539216,0.0,0.0,274,0.0,True,True
SITE_012,2025-02-18,12.467530654372425,14.254098732024431,11.511474,11.63701957539216,0.0,0.0,274,0.0,True,True
SITE_012,2025-02-19,12.467530654372425,14.254098732024431,11.511474,11.63701957539216,0.0,0.0,274,0.0,True,True
SITE_012,2025-02-20,12.467530654372425,14.254098732024431,11.511474,11.63701957539216,0.0,0.0,274,0.0,True,True
SITE_012,2025-02-21,12.467530654372425,14.254098732024431,11.511474,11.63701957539216,0.0,0.0,274,0.0,True,True
SITE_012,2025-02-22,12.467530654372425,14.254098732024431,11.511474,11.63701957539216,0.0,0.0,274,0.0,True,True
SITE_012,2025-02-23,12.467530654372425,14.254098732024431,11.511474,11.63701957539216,0.0,0.0,274,0.0,True,True
SITE_012,2025-02-24,12.467530654372425,14.254098732024431,11.511474,11.63701957539216,0.0,0.0,274,0.0,True,True
SITE_012,2025-02-25,12.467530654372425,14.254098732024431,11.511474,11.63701957539216,0.0,0.0,274,0.0,True,True
SITE_013,2025-01-01,21.55685325595577,24.72419974207878,19.127934,20.818426523591256,0.0,0.0,154,0.0,True,True
SITE_013,2025-01-02,21.55389587216416,24.715327590703964,19.127934,20.818426523591256,0.0,0.0,154,0.0,True,True
SITE_013,2025-01-03,21.553897858985653,24.71533355116844,19.127934,20.818426523591256,0.0,0.0,154,0.0,True,True
SITE_013,2025-01-04,21.553897858985653,24.71533355116844,19.127934,20.818426523591256,0.0,0.0,154,0.0,True,True
SITE_013,2025-01-05,21.553897858985653,24.71533355116844,19.127934,20.818426523591256,0.0,0.0,154,0.0,True,True
SITE_013,2025-01-06,21.553897858985653,24.71533355116844,19.127934,20.818426523591256,0.0,0.0,154,0.0,True,True
SITE_013,2025-01-07,21.553897858985653,24.71533355116844,19.127934,20.818426523591256,0.0,0.0,154,0.0,True,True
SITE_013,2025-01-08,21.553897858985653,24.71533355116844,19.127934,20.818426523591256,0.0,0.0,154,0.0,True,True
SITE_013,2025-01-09,21.553897858985653,24.71533355116844,19.127934,20.818426523591256,0.0,0.0,154,0.0,True,True
SITE_013,2025-01-10,21.553897858985653,24.71533355116844,19.127934,20.818426523591256,0.0,0.0,154,0.0,True,True
SITE_013,2025-01-11,21.553897858985653,24.71533355116844,19.127934,20.818426523591256,0.0,0.0,154,0.0,True,True
SITE_013,2025-01-12,21.553897858985653,24.71533355116844,19.127934,20.818426523591256,0.0,0.0,154,0.0,True,True
SITE_013,2025-01-13,21.553897858985653,24.71533355116844,19.127934,20.818426523591256,0.0,0.0,154,0.0,True,True
SITE_013,2025-01-14,21.553897858985653,24.71533355116844,19.127934,20.818426523591256,0.0,0.0,154,0.0,True,True
SITE_013,2025-01-15,21.553897858985653,24.71533355116844,19.127934,20.818426523591256,0.0,0.0,154,0.0,True,True
SITE_013,2025-01-16,21.553897858985653,24.71533355116844,19.127934,20.818426523591256,0.0,0.0,154,0.0,True,True
SITE_013,2025-01-17,21.553897858985653,24.71533355116844,19.127934,20.818426523591256,0.0,0.0,154,0.0,True,True
SITE_013,2025-01-18,21.553897858985653,24.71533355116844,19.127934,20.818426523591256,0.0,0.0,154,0.0,True,True
SITE_013,2025-01-19,21.553897858985653,24.71533355116844,19.127934,20.818426523591256,0.0,0.0,154,0.0,True,True
SITE_013,2025-01-20,21.553897858985653,24.71533355116844,19.127934,20.818426523591256,0.0,0.0,154,0.0,True,True
SITE_013,2025-01-21,21.553897858985653,24.71533355116844,19.127934,20.818426523591256,0.0,0.0,154,0.0,True,True
SITE_013,2025-01-22,21.553897858985653,24.71533355116844,19.127934,20.818426523591256,0.0,0.0,154,0.0,True,True
SITE_013,2025-01-23,21.553897858985653,24.71533355116844,19.127934,20.818426523591256,0.0,0.0,154,0.0,True,True
SITE_013,2025-01-24,21.553897858985653,24.71533355116844,19.127934,20.818426523591256,0.0,0.0,154,0.0,True,True
SITE_013,2025-01-25,21.553897858985653,24.71533355116844,19.127934,20.818426523591256,0.0,0.0,154,0.0,True,True
SITE_013,2025-01-26,21.553897858985653,24.71533355116844,19.127934,20.818426523591256,0.0,0.0,154,0.0,True,True
SITE_013,2025-01-27,21.553897858985653,24.71533355116844,19.127934,20.818426523591256,0.0,0.0,154,0.0,True,True
SITE_013,2025-01-28,21.553897858985653,24.71533355116844,19.127934,20.818426523591256,0.0,0.0,154,0.0,True,True
SITE_013,2025-01-29,21.553897858985653,24.71533355116844,19.127934,20.818426523591256,0.0,0.0,154,0.0,True,True
SITE_013,2025-01-30,21.553897858985653,24.71533355116844,19.127934,20.818426523591256,0.0,0.0,154,0.0,True,True
SITE_013,2025-01-31,21.553897858985653,24.71533355116844,19.127934,20.818426523591256,0.0,0.0,154,0.0,True,True
SITE_013,2025-02-01,21.553897858985653,24.71533355116844,19.127934,20.818426523591256,0.0,0.0,154,0.0,True,True
SITE_013,2025-02-02,21.553897858985653,24.71533355116844,19.127934,20.818426523591256,0.0,0.0,154,0.0,True,True
SITE_013,2025-02-03,21.553897858985653,24.71533355116844,19.127934,20.818426523591256,0.0,0.0,154,0.0,True,True
SITE_013,2025-02-04,21.553897858985653,24.71533355116844,19.127934,20.818426523591256,0.0,0.0,154,0.0,True,True
SITE_013,2025-02-05,21.553897858985653,24.71533355116844,19.127934,20.818426523591256,0.0,0.0,154,0.0,True,True
SITE_013,2025-02-06,21.553897858985653,24.71533355116844,19.127934,20.818426523591256,0.0,0.0,154,0.0,True,True
SITE_013,2025-02-07,21.553897858985653,24.71533355116844,19.127934,20.818426523591256,0.0,0.0,154,0.0,True,True
SITE_013,2025-02-08,21.553897858985653,24.71533355116844,19.127934,20.818426523591256,0.0,0.0,154,0.0,True,True
SITE_013,2025-02-09,21.553897858985653,24.71533355116844,19.127934,20.818426523591256,0.0,0.0,154,0.0,True,True
SITE_013,2025-02-10,21.553897858985653,24.71533355116844,19.127934,20.818426523591256,0.0,0.0,154,0.0,True,True
SITE_013,2025-02-11,21.553897858985653,24.71533355116844,19.127934,20.818426523591256,0.0,0.0,154,0.0,True,True
SITE_013,2025-02-12,21.553897858985653,24.71533355116844,19.127934,20.818426523591256,0.0,0.0,154,0.0,True,True
SITE_013,2025-02-13,21.553897858985653,24.71533355116844,19.127934,20.818426523591256,0.0,0.0,154,0.0,True,True
SITE_013,2025-02-14,21.553897858985653,24.71533355116844,19.127934,20.818426523591256,0.0,0.0,154,0.0,True,True
SITE_013,2025-02-15,21.553897858985653,24.71533355116844,19.127934,20.818426523591256,0.0,0.0,154,0.0,True,True
SITE_013,2025-02-16,21.553897858985653,24.71533355116844,19.127934,20.818426523591256,0.0,0.0,154,0.0,True,True
SITE_013,2025-02-17,21.553897858985653,24.71533355116844,19.127934,20.818426523591256,0.0,0.0,154,0.0,True,True
SITE_013,2025-02-18,21.553897858985653,24.71533355116844,19.127934,20.818426523591256,0.0,0.0,154,0.0,True,True
SITE_013,2025-02-19,21.553897858985653,24.71533355116844,19.127934,20.818426523591256,0.0,0.0,154,0.0,True,True
SITE_013,2025-02-20,21.553897858985653,24.71533355116844,19.127934,20.818426523591256,0.0,0.0,154,0.0,True,True
SITE_013,2025-02-21,21.553897858985653,24.71533355116844,19.127934,20.818426523591256,0.0,0.0,154,0.0,True,True
SITE_013,2025-02-22,21.553897858985653,24.71533355116844,19.127934,20.818426523591256,0.0,0.0,154,0.0,True,True
SITE_013,2025-02-23,21.553897858985653,24.71533355116844,19.127934,20.818426523591256,0.0,0.0,154,0.0,True,True
SITE_013,2025-02-24,21.553897858985653,24.71533355116844,19.127934,20.818426523591256,0.0,0.0,154,0.0,True,True
SITE_013,2025-02-25,21.553897858985653,24.71533355116844,19.127934,20.818426523591256,0.0,0.0,154,0.0,True,True
SITE_014,2025-01-01,27.851304468720944,16.669220089912415,35.742035,31.14265840414105,329.36,230.0,230,0.0,False,False
SITE_014,2025-01-02,27.848058797130776,16.659483075141907,35.742035,31.14265840414105,230.0,202.15194120286924,230,0.0,False,False
SITE_014,2025-01-03,27.84805720767358,16.659478306770325,35.742035,31.14265840414105,202.15194120286924,174.30388399519566,230,0.0,False,False
SITE_014,2025-01-04,27.84805720767358,16.659478306770325,35.742035,31.14265840414105,174.30388399519566,146.45582678752208,230,0.0,False,False
SITE_014,2025-01-05,27.84805720767358,16.659478306770325,35.742035,31.14265840414105,146.45582678752208,118.60776957984851,230,0.0,False,False
SITE_014,2025-01-06,27.84805720767358,16.659478306770325,35.742035,31.14265840414105,118.60776957984851,90.75971237217493,230,0.0,False,False
SITE_014,2025-01-07,27.84805720767358,16.659478306770325,35.742035,31.14265840414105,90.75971237217493,62.911655164501354,230,0.0,False,False
SITE_014,2025-01-08,27.84805720767358,16.659478306770325,35.742035,31.14265840414105,62.911655164501354,35.06359795682778,230,0.0,True,False
SITE_014,2025-01-09,27.84805720767358,16.659478306770325,35.742035,31.14265840414105,35.06359795682778,7.215540749154197,230,0.0,True,False
SITE_014,2025-01-10,27.84805720767358,16.659478306770325,35.742035,31.14265840414105,7.215540749154197,0.0,230,0.0,True,True
SITE_014,2025-01-11,27.84805720767358,16.659478306770325,35.742035,31.14265840414105,0.0,0.0,230,0.0,True,True
SITE_014,2025-01-12,27.84805720767358,16.659478306770325,35.742035,31.14265840414105,0.0,0.0,230,0.0,True,True
SITE_014,2025-01-13,27.84805720767358,16.659478306770325,35.742035,31.14265840414105,0.0,0.0,230,0.0,True,True
SITE_014,2025-01-14,27.84805720767358,16.659478306770325,35.742035,31.14265840414105,0.0,0.0,230,0.0,True,True
SITE_014,2025-01-15,27.84805720767358,16.659478306770325,35.742035,31.14265840414105,0.0,0.0,230,0.0,True,True
SITE_014,2025-01-16,27.84805720767358,16.659478306770325,35.742035,31.14265840414105,0.0,0.0,230,0.0,True,True
SITE_014,2025-01-17,27.84805720767358,16.659478306770325,35.742035,31.14265840414105,0.0,0.0,230,0.0,True,True
SITE_014,2025-01-18,27.84805720767358,16.659478306770325,35.742035,31.14265840414105,0.0,0.0,230,0.0,True,True
SITE_014,2025-01-19,27.84805720767358,16.659478306770325,35.742035,31.14265840414105,0.0,0.0,230,0.0,True,True
SITE_014,2025-01-20,27.84805720767358,16.659478306770325,35.742035,31.14265840414105,0.0,0.0,230,0.0,True,True
SITE_014,2025-01-21,27.84805720767358,16.659478306770325,35.742035,31.14265840414105,0.0,0.0,230,0.0,True,True
SITE_014,2025-01-22,27.84805720767358,16.659478306770325,35.742035,31.14265840414105,0.0,0.0,230,0.0,True,True
SITE_014,2025-01-23,27.84805720767358,16.659478306770325,35.742035,31.14265840414105,0.0,0.0,230,0.0,True,True
SITE_014,2025-01-24,27.84805720767358,16.659478306770325,35.742035,31.14265840414105,0.0,0.0,230,0.0,True,True
SITE_014,2025-01-25,27.84805720767358,16.659478306770325,35.742035,31.14265840414105,0.0,0.0,230,0.0,True,True
SITE_014,2025-01-26,27.84805720767358,16.659478306770325,35.742035,31.14265840414105,0.0,0.0,230,0.0,True,True
SITE_014,2025-01-27,27.84805720767358,16.659478306770325,35.742035,31.14265840414105,0.0,0.0,230,0.0,True,True
SITE_014,2025-01-28,27.84805720767358,16.659478306770325,35.742035,31.14265840414105,0.0,0.0,230,0.0,True,True
SITE_014,2025-01-29,27.84805720767358,16.659478306770325,35.742035,31.14265840414105,0.0,0.0,230,0.0,True,True
SITE_014,2025-01-30,27.84805720767358,16.659478306770325,35.742035,31.14265840414105,0.0,0.0,230,0.0,True,True
SITE_014,2025-01-31,27.84805720767358,16.659478306770325,35.742035,31.14265840414105,0.0,0.0,230,0.0,True,True
SITE_014,2025-02-01,27.84805720767358,16.659478306770325,35.742035,31.14265840414105,0.0,0.0,230,0.0,True,True
SITE_014,2025-02-02,27.84805720767358,16.659478306770325,35.742035,31.14265840414105,0.0,0.0,230,0.0,True,True
SITE_014,2025-02-03,27.84805720767358,16.659478306770325,35.742035,31.14265840414105,0.0,0.0,230,0.0,True,True
SITE_014,2025-02-04,27.84805720767358,16.659478306770325,35.742035,31.14265840414105,0.0,0.0,230,0.0,True,True
SITE_014,2025-02-05,27.84805720767358,16.659478306770325,35.742035,31.14265840414105,0.0,0.0,230,0.0,True,True
SITE_014,2025-02-06,27.84805720767358,16.659478306770325,35.742035,31.14265840414105,0.0,0.0,230,0.0,True,True
SITE_014,2025-02-07,27.84805720767358,16.659478306770325,35.742035,31.14265840414105,0.0,0.0,230,0.0,True,True
SITE_014,2025-02-08,27.84805720767358,16.659478306770325,35.742035,31.14265840414105,0.0,0.0,230,0.0,True,True
SITE_014,2025-02-09,27.84805720767358,16.659478306770325,35.742035,31.14265840414105,0.0,0.0,230,0.0,True,True
SITE_014,2025-02-10,27.84805720767358,16.659478306770325,35.742035,31.14265840414105,0.0,0.0,230,0.0,True,True
SITE_014,2025-02-11,27.84805720767358,16.659478306770325,35.742035,31.14265840414105,0.0,0.0,230,0.0,True,True
SITE_014,2025-02-12,27.84805720767358,16.659478306770325,35.742035,31.14265840414105,0.0,0.0,230,0.0,True,True
SITE_014,2025-02-13,27.84805720767358,16.659478306770325,35.742035,31.14265840414105,0.0,0.0,230,0.0,True,True
SITE_014,2025-02-14,27.84805720767358,16.659478306770325,35.742035,31.14265840414105,0.0,0.0,230,0.0,True,True
SITE_014,2025-02-15,27.84805720767358,16.659478306770325,35.742035,31.14265840414105,0.0,0.0,230,0.0,True,True
SITE_014,2025-02-16,27.84805720767358,16.659478306770325,35.742035,31.14265840414105,0.0,0.0,230,0.0,True,True
SITE_014,2025-02-17,27.84805720767358,16.659478306770325,35.742035,31.14265840414105,0.0,0.0,230,0.0,True,True
SITE_014,2025-02-18,27.84805720767358,16.659478306770325,35.742035,31.14265840414105,0.0,0.0,230,0.0,True,True
SITE_014,2025-02-19,27.84805720767358,16.659478306770325,35.742035,31.14265840414105,0.0,0.0,230,0.0,True,True
SITE_014,2025-02-20,27.84805720767358,16.659478306770325,35.742035,31.14265840414105,0.0,0.0,230,0.0,True,True
SITE_014,2025-02-21,27.84805720767358,16.659478306770325,35.742035,31.14265840414105,0.0,0.0,230,0.0,True,True
SITE_014,2025-02-22,27.84805720767358,16.659478306770325,35.742035,31.14265840414105,0.0,0.0,230,0.0,True,True
SITE_014,2025-02-23,27.84805720767358,16.659478306770325,35.742035,31.14265840414105,0.0,0.0,230,0.0,True,True
SITE_014,2025-02-24,27.84805720767358,16.659478306770325,35.742035,31.14265840414105,0.0,0.0,230,0.0,True,True
SITE_014,2025-02-25,27.84805720767358,16.659478306770325,35.742035,31.14265840414105,0.0,0.0,230,0.0,True,True
SITE_015,2025-01-01,11.772591886661274,13.426314025186002,11.167599,10.723862910432585,20658.87,120.0,120,0.0,False,False
SITE_015,2025-01-02,11.841120560893737,13.631900047883391,11.167599,10.723862910432585,120.0,108.15887943910626,120,0.0,False,False
SITE_015,2025-01-03,11.849783425149148,13.657888640649617,11.167599,10.723862910432585,108.15887943910626,96.30909601395712,120,0.0,False,False
SITE_015,2025-01-04,11.850878517383656,13.661173917353151,11.167599,10.723862910432585,96.30909601395712,84.45821749657347,120,0.0,False,False
SITE_015,2025-01-05,11.851016950412912,13.661589216440916,11.167599,10.723862910432585,84.45821749657347,72.60720054616056,120,0.0,False,False
SITE_015,2025-01-06,11.85103445011931,13.661641715560108,11.167599,10.723862910432585,72.60720054616056,60.75616609604125,120,0.0,False,False
SITE_015,2025-01-07,11.851036662320864,13.661648352164775,11.167599,10.723862910432585,60.75616609604125,48.90512943372038,120,0.0,False,False
SITE_015,2025-01-08,11.85103694202808,13.661649191286417,11.167599,10.723862910432585,48.90512943372038,37.0540924916923,120,0.0,False,False
SITE_015,2025-01-09,11.851036977418335,13.661649297457188,11.167599,10.723862910432585,37.0540924916923,25.203055514273967,120,0.0,True,False
SITE_015,2025-01-10,11.851036981919728,13.661649310961366,11.167599,10.723862910432585,25.203055514273967,13.352018532354238,120,0.0,True,False
SITE_015,2025-01-11,11.851036982540611,13.66164931282401,11.167599,10.723862910432585,13.352018532354238,1.500981549813627,120,0.0,True,False
SITE_015,2025-01-12,11.851036982540611,13.66164931282401,11.167599,10.723862910432585,1.500981549813627,0.0,120,0.0,True,True
SITE_015,2025-01-13,11.851036982540611,13.66164931282401,11.167599,10.723862910432585,0.0,0.0,120,0.0,True,True
SITE_015,2025-01-14,11.851036982540611,13.66164931282401,11.167599,10.723862910432585,0.0,0.0,120,0.0,True,True
SITE_015,2025-01-15,11.851036982540611,13.66164931282401,11.167599,10.723862910432585,0.0,0.0,120,0.0,True,True
SITE_015,2025-01-16,11.851036982540611,13.66164931282401,11.167599,10.723862910432585,0.0,0.0,120,0.0,True,True
SITE_015,2025-01-17,11.851036982540611,13.66164931282401,11.167599,10.723862910432585,0.0,0.0,120,0.0,True,True
SITE_015,2025-01-18,11.851036982540611,13.66164931282401,11.167599,10.723862910432585,0.0,0.0,120,0.0,True,True
SITE_015,2025-01-19,11.851036982540611,13.66164931282401,11.167599,10.723862910432585,0.0,0.0,120,0.0,True,True
SITE_015,2025-01-20,11.851036982540611,13.66164931282401,11.167599,10.723862910432585,0.0,0.0,120,0.0,True,True
SITE_015,2025-01-21,11.851036982540611,13.66164931282401,11.167599,10.723862910432585,0.0,0.0,120,0.0,True,True
SITE_015,2025-01-22,11.851036982540611,13.66164931282401,11.167599,10.723862910432585,0.0,0.0,120,0.0,True,True
SITE_015,2025-01-23,11.851036982540611,13.66164931282401,11.167599,10.723862910432585,0.0,0.0,120,0.0,True,True
SITE_015,2025-01-24,11.851036982540611,13.66164931282401,11.167599,10.723862910432585,0.0,0.0,120,0.0,True,True
SITE_015,2025-01-25,11.851036982540611,13.66164931282401,11.167599,10.723862910432585,0.0,0.0,120,0.0,True,True
SITE_015,2025-01-26,11.851036982540611,13.66164931282401,11.167599,10.723862910432585,0.0,0.0,120,0.0,True,True
SITE_015,2025-01-27,11.851036982540611,13.66164931282401,11.167599,10.723862910432585,0.0,0.0,120,0.0,True,True
SITE_015,2025-01-28,11.851036982540611,13.66164931282401,11.167599,10.723862910432585,0.0,0.0,120,0.0,True,True
SITE_015,2025-01-29,11.851036982540611,13.66164931282401,11.167599,10.723862910432585,0.0,0.0,120,0.0,True,True
SITE_015,2025-01-30,11.851036982540611,13.66164931282401,11.167599,10.723862910432585,0.0,0.0,120,0.0,True,True
SITE_015,2025-01-31,11.851036982540611,13.66164931282401,11.167599,10.723862910432585,0.0,0.0,120,0.0,True,True
SITE_015,2025-02-01,11.851036982540611,13.66164931282401,11.167599,10.723862910432585,0.0,0.0,120,0.0,True,True
SITE_015,2025-02-02,11.851036982540611,13.66164931282401,11.167599,10.723862910432585,0.0,0.0,120,0.0,True,True
SITE_015,2025-02-03,11.851036982540611,13.66164931282401,11.167599,10.723862910432585,0.0,0.0,120,0.0,True,True
SITE_015,2025-02-04,11.851036982540611,13.66164931282401,11.167599,10.723862910432585,0.0,0.0,120,0.0,True,True
SITE_015,2025-02-05,11.851036982540611,13.66164931282401,11.167599,10.723862910432585,0.0,0.0,120,0.0,True,True
SITE_015,2025-02-06,11.851036982540611,13.66164931282401,11.167599,10.723862910432585,0.0,0.0,120,0.0,True,True
SITE_015,2025-02-07,11.851036982540611,13.66164931282401,11.167599,10.723862910432585,0.0,0.0,120,0.0,True,True
SITE_015,2025-02-08,11.851036982540611,13.66164931282401,11.167599,10.723862910432585,0.0,0.0,120,0.0,True,True
SITE_015,2025-02-09,11.851036982540611,13.66164931282401,11.167599,10.723862910432585,0.0,0.0,120,0.0,True,True
SITE_015,2025-02-10,11.851036982540611,13.66164931282401,11.167599,10.723862910432585,0.0,0.0,120,0.0,True,True
SITE_015,2025-02-11,11.851036982540611,13.66164931282401,11.167599,10.723862910432585,0.0,0.0,120,0.0,True,True
SITE_015,2025-02-12,11.851036982540611,13.66164931282401,11.167599,10.723862910432585,0.0,0.0,120,0.0,True,True
SITE_015,2025-02-13,11.851036982540611,13.66164931282401,11.167599,10.723862910432585,0.0,0.0,120,0.0,True,True
SITE_015,2025-02-14,11.851036982540611,13.66164931282401,11.167599,10.723862910432585,0.0,0.0,120,0.0,True,True
SITE_015,2025-02-15,11.851036982540611,13.66164931282401,11.167599,10.723862910432585,0.0,0.0,120,0.0,True,True
SITE_015,2025-02-16,11.851036982540611,13.66164931282401,11.167599,10.723862910432585,0.0,0.0,120,0.0,True,True
SITE_015,2025-02-17,11.851036982540611,13.66164931282401,11.167599,10.723862910432585,0.0,0.0,120,0.0,True,True
SITE_015,2025-02-18,11.851036982540611,13.66164931282401,11.167599,10.723862910432585,0.0,0.0,120,0.0,True,True
SITE_015,2025-02-19,11.851036982540611,13.66164931282401,11.167599,10.723862910432585,0.0,0.0,120,0.0,True,True
SITE_015,2025-02-20,11.851036982540611,13.66164931282401,11.167599,10.723862910432585,0.0,0.0,120,0.0,True,True
SITE_015,2025-02-21,11.851036982540611,13.66164931282401,11.167599,10.723862910432585,0.0,0.0,120,0.0,True,True
SITE_015,2025-02-22,11.851036982540611,13.66164931282401,11.167599,10.723862910432585,0.0,0.0,120,0.0,True,True
SITE_015,2025-02-23,11.851036982540611,13.66164931282401,11.167599,10.723862910432585,0.0,0.0,120,0.0,True,True
SITE_015,2025-02-24,11.851036982540611,13.66164931282401,11.167599,10.723862910432585,0.0,0.0,120,0.0,True,True
SITE_015,2025-02-25,11.851036982540611,13.66164931282401,11.167599,10.723862910432585,0.0,0.0,120,0.0,True,True
SITE_016,2025-01-01,50.23495945962348,64.27674671146087,45.0918,41.33633097771229,433.2,382.9650405403765,487,0.0,False,False
SITE_016,2025-01-02,50.58995190991601,65.34172406233847,45.0918,41.33633097771229,382.9650405403765,332.3750886304605,487,0.0,False,False
SITE_016,2025-01-03,50.61594115181407,65.41969178803265,45.0918,41.33633097771229,332.3750886304605,281.7591474786464,487,0.0,False,False
SITE_016,2025-01-04,50.61784384212658,65.4253998589702,45.0918,41.33633097771229,281.7591474786464,231.14130363651984,487,0.0,False,False
SITE_016,2025-01-05,50.61798313942319,65.42581775086,45.0918,41.33633097771229,231.14130363651984,180.52332049709665,487,0.0,False,False
SITE_016,2025-01-06,50.61799333748299,65.42584834503941,45.0918,41.33633097771229,180.52332049709665,129.90532715961365,487,0.0,False,False
SITE_016,2025-01-07,50.617994084093255,65.4258505848702,45.0918,41.33633097771229,129.90532715961365,79.2873330755204,487,0.0,True,False
SITE_016,2025-01-08,50.61799413873084,65.42585074878298,45.0918,41.33633097771229,79.2873330755204,28.66933893678955,487,0.0,True,False
SITE_016,2025-01-09,50.61799414276658,65.42585076089017,45.0918,41.33633097771229,28.66933893678955,0.0,487,0.0,True,True
SITE_016,2025-01-10,50.61799414307702,65.4258507618215,45.0918,41.33633097771229,0.0,0.0,487,0.0,True,True
SITE_016,2025-01-11,50.61799414307702,65.4258507618215,45.0918,41.33633097771229,0.0,0.0,487,0.0,True,True
SITE_016,2025-01-12,50.61799414307702,65.4258507618215,45.0918,41.33633097771229,0.0,0.0,487,0.0,True,True
SITE_016,2025-01-13,50.61799414307702,65.4258507618215,45.0918,41.33633097771229,0.0,0.0,487,0.0,True,True
SITE_016,2025-01-14,50.61799414307702,65.4258507618215,45.0918,41.33633097771229,0.0,0.0,487,0.0,True,True
SITE_016,2025-01-15,50.61799414307702,65.4258507618215,45.0918,41.33633097771229,0.0,0.0,487,0.0,True,True
SITE_016,2025-01-16,50.61799414307702,65.4258507618215,45.0918,41.33633097771229,0.0,0.0,487,0.0,True,True
SITE_016,2025-01-17,50.61799414307702,65.4258507618215,45.0918,41.33633097771229,0.0,0.0,487,0.0,True,True
SITE_016,2025-01-18,50.61799414307702,65.4258507618215,45.0918,41.33633097771229,0.0,0.0,487,0.0,True,True
SITE_016,2025-01-19,50.61799414307702,65.4258507618215,45.0918,41.33633097771229,0.0,0.0,487,0.0,True,True
SITE_016,2025-01-20,50.61799414307702,65.4258507618215,45.0918,41.33633097771229,0.0,0.0,487,0.0,True,True
SITE_016,2025-01-21,50.61799414307702,65.4258507618215,45.0918,41.33633097771229,0.0,0.0,487,0.0,True,True
SITE_016,2025-01-22,50.61799414307702,65.4258507618215,45.0918,41.33633097771229,0.0,0.0,487,0.0,True,True
SITE_016,2025-01-23,50.61799414307702,65.4258507618215,45.0918,41.33633097771229,0.0,0.0,487,0.0,True,True
SITE_016,2025-01-24,50.61799414307702,65.4258507618215,45.0918,41.33633097771229,0.0,0.0,487,0.0,True,True
SITE_016,2025-01-25,50.61799414307702,65.4258507618215,45.0918,41.33633097771229,0.0,0.0,487,0.0,True,True
SITE_016,2025-01-26,50.61799414307702,65.4258507618215,45.0918,41.33633097771229,0.0,0.0,487,0.0,True,True
SITE_016,2025-01-27,50.61799414307702,65.4258507618215,45.0918,41.33633097771229,0.0,0.0,487,0.0,True,True
SITE_016,2025-01-28,50.61799414307702,65.4258507618215,45.0918,41.33633097771229,0.0,0.0,487,0.0,True,True
SITE_016,2025-01-29,50.61799414307702,65.4258507618215,45.0918,41.33633097771229,0.0,0.0,487,0.0,True,True
SITE_016,2025-01-30,50.61799414307702,65.4258507618215,45.0918,41.33633097771229,0.0,0.0,487,0.0,True,True
SITE_016,2025-01-31,50.61799414307702,65.4258507618215,45.0918,41.33633097771229,0.0,0.0,487,0.0,True,True
SITE_016,2025-02-01,50.61799414307702,65.4258507618215,45.0918,41.33633097771229,0.0,0.0,487,0.0,True,True
SITE_016,2025-02-02,50.61799414307702,65.4258507618215,45.0918,41.33633097771229,0.0,0.0,487,0.0,True,True
SITE_016,2025-02-03,50.61799414307702,65.4258507618215,45.0918,41.33633097771229,0.0,0.0,487,0.0,True,True
SITE_016,2025-02-04,50.61799414307702,65.4258507618215,45.0918,41.33633097771229,0.0,0.0,487,0.0,True,True
SITE_016,2025-02-05,50.61799414307702,65.4258507618215,45.0918,41.33633097771229,0.0,0.0,487,0.0,True,True
SITE_016,2025-02-06,50.61799414307702,65.4258507618215,45.0918,41.33633097771229,0.0,0.0,487,0.0,True,True
SITE_016,2025-02-07,50.61799414307702,65.4258507618215,45.0918,41.33633097771229,0.0,0.0,487,0.0,True,True
SITE_016,2025-02-08,50.61799414307702,65.4258507618215,45.0918,41.33633097771229,0.0,0.0,487,0.0,True,True
SITE_016,2025-02-09,50.61799414307702,65.4258507618215,45.0918,41.33633097771229,0.0,0.0,487,0.0,True,True
SITE_016,2025-02-10,50.61799414307702,65.4258507618215,45.0918,41.33633097771229,0.0,0.0,487,0.0,True,True
SITE_016,2025-02-11,50.61799414307702,65.4258507618215,45.0918,41.33633097771229,0.0,0.0,487,0.0,True,True
SITE_016,2025-02-12,50.61799414307702,65.4258507618215,45.0918,41.33633097771229,0.0,0.0,487,0.0,True,True
SITE_016,2025-02-13,50.61799414307702,65.4258507618215,45.0918,41.33633097771229,0.0,0.0,487,0.0,True,True
SITE_016,2025-02-14,50.61799414307702,65.4258507618215,45.0918,41.33633097771229,0.0,0.0,487,0.0,True,True
SITE_016,2025-02-15,50.61799414307702,65.4258507618215,45.0918,41.33633097771229,0.0,0.0,487,0.0,True,True
SITE_016,2025-02-16,50.61799414307702,65.4258507618215,45.0918,41.33633097771229,0.0,0.0,487,0.0,True,True
SITE_016,2025-02-17,50.61799414307702,65.4258507618215,45.0918,41.33633097771229,0.0,0.0,487,0.0,True,True
SITE_016,2025-02-18,50.61799414307702,65.4258507618215,45.0918,41.33633097771229,0.0,0.0,487,0.0,True,True
SITE_016,2025-02-19,50.61799414307702,65.4258507618215,45.0918,41.33633097771229,0.0,0.0,487,0.0,True,True
SITE_016,2025-02-20,50.61799414307702,65.4258507618215,45.0918,41.33633097771229,0.0,0.0,487,0.0,True,True
SITE_016,2025-02-21,50.61799414307702,65.4258507618215,45.0918,41.33633097771229,0.0,0.0,487,0.0,True,True
SITE_016,2025-02-22,50.61799414307702,65.4258507618215,45.0918,41.33633097771229,0.0,0.0,487,0.0,True,True
SITE_016,2025-02-23,50.61799414307702,65.4258507618215,45.0918,41.33633097771229,0.0,0.0,487,0.0,True,True
SITE_016,2025-02-24,50.61799414307702,65.4258507618215,45.0918,41.33633097771229,0.0,0.0,487,0.0,True,True
SITE_016,2025-02-25,50.61799414307702,65.4258507618215,45.0918,41.33633097771229,0.0,0.0,487,0.0,True,True
SITE_017,2025-01-01,38.25197729284542,41.933041140437126,37.45002,35.37287090167333,0.0,0.0,341,0.0,True,True
SITE_017,2025-01-02,38.25512356375632,41.94247995316982,37.45002,35.37287090167333,0.0,0.0,341,0.0,True,True
SITE_017,2025-01-03,38.25513158554809,41.94250401854515,37.45002,35.37287090167333,0.0,0.0,341,0.0,True,True
SITE_017,2025-01-04,38.2551316054163,41.9425040781498,37.45002,35.37287090167333,0.0,0.0,341,0.0,True,True
SITE_017,2025-01-05,38.2551316054163,41.9425040781498,37.45002,35.37287090167333,0.0,0.0,341,0.0,True,True
SITE_017,2025-01-06,38.2551316054163,41.9425040781498,37.45002,35.37287090167333,0.0,0.0,341,0.0,True,True
SITE_017,2025-01-07,38.2551316054163,41.9425040781498,37.45002,35.37287090167333,0.0,0.0,341,0.0,True,True
SITE_017,2025-01-08,38.2551316054163,41.9425040781498,37.45002,35.37287090167333,0.0,0.0,341,0.0,True,True
SITE_017,2025-01-09,38.2551316054163,41.9425040781498,37.45002,35.37287090167333,0.0,0.0,341,0.0,True,True
SITE_017,2025-01-10,38.2551316054163,41.9425040781498,37.45002,35.37287090167333,0.0,0.0,341,0.0,True,True
SITE_017,2025-01-11,38.2551316054163,41.9425040781498,37.45002,35.37287090167333,0.0,0.0,341,0.0,True,True
SITE_017,2025-01-12,38.2551316054163,41.9425040781498,37.45002,35.37287090167333,0.0,0.0,341,0.0,True,True
SITE_017,2025-01-13,38.2551316054163,41.9425040781498,37.45002,35.37287090167333,0.0,0.0,341,0.0,True,True
SITE_017,2025-01-14,38.2551316054163,41.9425040781498,37.45002,35.37287090167333,0.0,0.0,341,0.0,True,True
SITE_017,2025-01-15,38.2551316054163,41.9425040781498,37.45002,35.37287090167333,0.0,0.0,341,0.0,True,True
SITE_017,2025-01-16,38.2551316054163,41.9425040781498,37.45002,35.37287090167333,0.0,0.0,341,0.0,True,True
SITE_017,2025-01-17,38.2551316054163,41.9425040781498,37.45002,35.37287090167333,0.0,0.0,341,0.0,True,True
SITE_017,2025-01-18,38.2551316054163,41.9425040781498,37.45002,35.37287090167333,0.0,0.0,341,0.0,True,True
SITE_017,2025-01-19,38.2551316054163,41.9425040781498,37.45002,35.37287090167333,0.0,0.0,341,0.0,True,True
SITE_017,2025-01-20,38.2551316054163,41.9425040781498,37.45002,35.37287090167333,0.0,0.0,341,0.0,True,True
SITE_017,2025-01-21,38.2551316054163,41.9425040781498,37.45002,35.37287090167333,0.0,0.0,341,0.0,True,True
SITE_017,2025-01-22,38.2551316054163,41.9425040781498,37.45002,35.37287090167333,0.0,0.0,341,0.0,True,True
SITE_017,2025-01-23,38.2551316054163,41.9425040781498,37.45002,35.37287090167333,0.0,0.0,341,0.0,True,True
SITE_017,2025-01-24,38.2551316054163,41.9425040781498,37.45002,35.37287090167333,0.0,0.0,341,0.0,True,True
SITE_017,2025-01-25,38.2551316054163,41.9425040781498,37.45002,35.37287090167333,0.0,0.0,341,0.0,True,True
SITE_017,2025-01-26,38.2551316054163,41.9425040781498,37.45002,35.37287090167333,0.0,0.0,341,0.0,True,True
SITE_017,2025-01-27,38.2551316054163,41.9425040781498,37.45002,35.37287090167333,0.0,0.0,341,0.0,True,True
SITE_017,2025-01-28,38.2551316054163,41.9425040781498,37.45002,35.37287090167333,0.0,0.0,341,0.0,True,True
SITE_017,2025-01-29,38.2551316054163,41.9425040781498,37.45002,35.37287090167333,0.0,0.0,341,0.0,True,True
SITE_017,2025-01-30,38.2551316054163,41.9425040781498,37.45002,35.37287090167333,0.0,0.0,341,0.0,True,True
SITE_017,2025-01-31,38.2551316054163,41.9425040781498,37.45002,35.37287090167333,0.0,0.0,341,0.0,True,True
SITE_017,2025-02-01,38.2551316054163,41.9425040781498,37.45002,35.37287090167333,0.0,0.0,341,0.0,True,True
SITE_017,2025-02-02,38.2551316054163,41.9425040781498,37.45002,35.37287090167333,0.0,0.0,341,0.0,True,True
SITE_017,2025-02-03,38.2551316054163,41.9425040781498,37.45002,35.37287090167333,0.0,0.0,341,0.0,True,True
SITE_017,2025-02-04,38.2551316054163,41.9425040781498,37.45002,35.37287090167333,0.0,0.0,341,0.0,True,True
SITE_017,2025-02-05,38.2551316054163,41.9425040781498,37.45002,35.37287090167333,0.0,0.0,341,0.0,True,True
SITE_017,2025-02-06,38.2551316054163,41.9425040781498,37.45002,35.37287090167333,0.0,0.0,341,0.0,True,True
SITE_017,2025-02-07,38.2551316054163,41.9425040781498,37.45002,35.37287090167333,0.0,0.0,341,0.0,True,True
SITE_017,2025-02-08,38.2551316054163,41.9425040781498,37.45002,35.37287090167333,0.0,0.0,341,0.0,True,True
SITE_017,2025-02-09,38.2551316054163,41.9425040781498,37.45002,35.37287090167333,0.0,0.0,341,0.0,True,True
SITE_017,2025-02-10,38.2551316054163,41.9425040781498,37.45002,35.37287090167333,0.0,0.0,341,0.0,True,True
SITE_017,2025-02-11,38.2551316054163,41.9425040781498,37.45002,35.37287090167333,0.0,0.0,341,0.0,True,True
SITE_017,2025-02-12,38.2551316054163,41.9425040781498,37.45002,35.37287090167333,0.0,0.0,341,0.0,True,True
SITE_017,2025-02-13,38.2551316054163,41.9425040781498,37.45002,35.37287090167333,0.0,0.0,341,0.0,True,True
SITE_017,2025-02-14,38.2551316054163,41.9425040781498,37.45002,35.37287090167333,0.0,0.0,341,0.0,True,True
SITE_017,2025-02-15,38.2551316054163,41.9425040781498,37.45002,35.37287090167333,0.0,0.0,341,0.0,True,True
SITE_017,2025-02-16,38.2551316054163,41.9425040781498,37.45002,35.37287090167333,0.0,0.0,341,0.0,True,True
SITE_017,2025-02-17,38.2551316054163,41.9425040781498,37.45002,35.37287090167333,0.0,0.0,341,0.0,True,True
SITE_017,2025-02-18,38.2551316054163,41.9425040781498,37.45002,35.37287090167333,0.0,0.0,341,0.0,True,True
SITE_017,2025-02-19,38.2551316054163,41.9425040781498,37.45002,35.37287090167333,0.0,0.0,341,0.0,True,True
SITE_017,2025-02-20,38.2551316054163,41.9425040781498,37.45002,35.37287090167333,0.0,0.0,341,0.0,True,True
SITE_017,2025-02-21,38.2551316054163,41.9425040781498,37.45002,35.37287090167333,0.0,0.0,341,0.0,True,True
SITE_017,2025-02-22,38.2551316054163,41.9425040781498,37.45002,35.37287090167333,0.0,0.0,341,0.0,True,True
SITE_017,2025-02-23,38.2551316054163,41.9425040781498,37.45002,35.37287090167333,0.0,0.0,341,0.0,True,True
SITE_017,2025-02-24,38.2551316054163,41.9425040781498,37.45002,35.37287090167333,0.0,0.0,341,0.0,True,True
SITE_017,2025-02-25,38.2551316054163,41.9425040781498,37.45002,35.37287090167333,0.0,0.0,341,0.0,True,True
SITE_018,2025-01-01,38.08804572510829,40.9840416200459,36.71398,36.56611392686102,0.0,0.0,152,0.0,True,True
SITE_018,2025-01-02,38.14552445163937,41.15647779963911,36.71398,36.56611392686102,0.0,0.0,152,0.0,True,True
SITE_018,2025-01-03,38.14959644942841,41.16869379300624,36.71398,36.56611392686102,0.0,0.0,152,0.0,True,True
SITE_018,2025-01-04,38.14988492411237,41.16955921705812,36.71398,36.56611392686102,0.0,0.0,152,0.0,True,True
SITE_018,2025-01-05,38.149905360744505,41.16962052695453,36.71398,36.56611392686102,0.0,0.0,152,0.0,True,True
SITE_018,2025-01-06,38.14990680864067,41.16962487064302,36.71398,36.56611392686102,0.0,0.0,152,0.0,True,True
SITE_018,2025-01-07,38.14990691108616,41.16962517797947,36.71398,36.56611392686102,0.0,0.0,152,0.0,True,True
SITE_018,2025-01-08,38.14990691822629,41.16962519939989,36.71398,36.56611392686102,0.0,0.0,152,0.0,True,True
SITE_018,2025-01-09,38.14990691884717,41.16962520126253,36.71398,36.56611392686102,0.0,0.0,152,0.0,True,True
SITE_018,2025-01-10,38.14990691884717,41.16962520126253,36.71398,36.56611392686102,0.0,0.0,152,0.0,True,True
SITE_018,2025-01-11,38.14990691884717,41.16962520126253,36.71398,36.56611392686102,0.0,0.0,152,0.0,True,True
SITE_018,2025-01-12,38.14990691884717,41.16962520126253,36.71398,36.56611392686102,0.0,0.0,152,0.0,True,True
SITE_018,2025-01-13,38.14990691884717,41.16962520126253,36.71398,36.56611392686102,0.0,0.0,152,0.0,True,True
SITE_018,2025-01-14,38.14990691884717,41.16962520126253,36.71398,36.56611392686102,0.0,0.0,152,0.0,True,True
SITE_018,2025-01-15,38.14990691884717,41.16962520126253,36.71398,36.56611392686102,0.0,0.0,152,0.0,True,True
SITE_018,2025-01-16,38.14990691884717,41.16962520126253,36.71398,36.56611392686102,0.0,0.0,152,0.0,True,True
SITE_018,2025-01-17,38.14990691884717,41.16962520126253,36.71398,36.56611392686102,0.0,0.0,152,0.0,True,True
SITE_018,2025-01-18,38.14990691884717,41.16962520126253,36.71398,36.56611392686102,0.0,0.0,152,0.0,True,True
SITE_018,2025-01-19,38.14990691884717,41.16962520126253,36.71398,36.56611392686102,0.0,0.0,152,0.0,True,True
SITE_018,2025-01-20,38.14990691884717,41.16962520126253,36.71398,36.56611392686102,0.0,0.0,152,0.0,True,True
SITE_018,2025-01-21,38.14990691884717,41.16962520126253,36.71398,36.56611392686102,0.0,0.0,152,0.0,True,True
SITE_018,2025-01-22,38.14990691884717,41.16962520126253,36.71398,36.56611392686102,0.0,0.0,152,0.0,True,True
SITE_018,2025-01-23,38.14990691884717,41.16962520126253,36.71398,36.56611392686102,0.0,0.0,152,0.0,True,True
SITE_018,2025-01-24,38.14990691884717,41.16962520126253,36.71398,36.56611392686102,0.0,0.0,152,0.0,True,True
SITE_018,2025-01-25,38.14990691884717,41.16962520126253,36.71398,36.56611392686102,0.0,0.0,152,0.0,True,True
SITE_018,2025-01-26,38.14990691884717,41.16962520126253,36.71398,36.56611392686102,0.0,0.0,152,0.0,True,True
SITE_018,2025-01-27,38.14990691884717,41.16962520126253,36.71398,36.56611392686102,0.0,0.0,152,0.0,True,True
SITE_018,2025-01-28,38.14990691884717,41.16962520126253,36.71398,36.56611392686102,0.0,0.0,152,0.0,True,True
SITE_018,2025-01-29,38.14990691884717,41.16962520126253,36.71398,36.56611392686102,0.0,0.0,152,0.0,True,True
SITE_018,2025-01-30,38.14990691884717,41.16962520126253,36.71398,36.56611392686102,0.0,0.0,152,0.0,True,True
SITE_018,2025-01-31,38.14990691884717,41.16962520126253,36.71398,36.56611392686102,0.0,0.0,152,0.0,True,True
SITE_018,2025-02-01,38.14990691884717,41.16962520126253,36.71398,36.56611392686102,0.0,0.0,152,0.0,True,True
SITE_018,2025-02-02,38.14990691884717,41.16962520126253,36.71398,36.56611392686102,0.0,0.0,152,0.0,True,True
SITE_018,2025-02-03,38.14990691884717,41.16962520126253,36.71398,36.56611392686102,0.0,0.0,152,0.0,True,True
SITE_018,2025-02-04,38.14990691884717,41.16962520126253,36.71398,36.56611392686102,0.0,0.0,152,0.0,True,True
SITE_018,2025-02-05,38.14990691884717,41.16962520126253,36.71398,36.56611392686102,0.0,0.0,152,0.0,True,True
SITE_018,2025-02-06,38.14990691884717,41.16962520126253,36.71398,36.56611392686102,0.0,0.0,152,0.0,True,True
SITE_018,2025-02-07,38.14990691884717,41.16962520126253,36.71398,36.56611392686102,0.0,0.0,152,0.0,True,True
SITE_018,2025-02-08,38.14990691884717,41.16962520126253,36.71398,36.56611392686102,0.0,0.0,152,0.0,True,True
SITE_018,2025-02-09,38.14990691884717,41.16962520126253,36.71398,36.56611392686102,0.0,0.0,152,0.0,True,True
SITE_018,2025-02-10,38.14990691884717,41.16962520126253,36.71398,36.56611392686102,0.0,0.0,152,0.0,True,True
SITE_018,2025-02-11,38.14990691884717,41.16962520126253,36.71398,36.56611392686102,0.0,0.0,152,0.0,True,True
SITE_018,2025-02-12,38.14990691884717,41.16962520126253,36.71398,36.56611392686102,0.0,0.0,152,0.0,True,True
SITE_018,2025-02-13,38.14990691884717,41.16962520126253,36.71398,36.56611392686102,0.0,0.0,152,0.0,True,True
SITE_018,2025-02-14,38.14990691884717,41.16962520126253,36.71398,36.56611392686102,0.0,0.0,152,0.0,True,True
SITE_018,2025-02-15,38.14990691884717,41.16962520126253,36.71398,36.56611392686102,0.0,0.0,152,0.0,True,True
SITE_018,2025-02-16,38.14990691884717,41.16962520126253,36.71398,36.56611392686102,0.0,0.0,152,0.0,True,True
SITE_018,2025-02-17,38.14990691884717,41.16962520126253,36.71398,36.56611392686102,0.0,0.0,152,0.0,True,True
SITE_018,2025-02-18,38.14990691884717,41.16962520126253,36.71398,36.56611392686102,0.0,0.0,152,0.0,True,True
SITE_018,2025-02-19,38.14990691884717,41.16962520126253,36.71398,36.56611392686102,0.0,0.0,152,0.0,True,True
SITE_018,2025-02-20,38.14990691884717,41.16962520126253,36.71398,36.56611392686102,0.0,0.0,152,0.0,True,True
SITE_018,2025-02-21,38.14990691884717,41.16962520126253,36.71398,36.56611392686102,0.0,0.0,152,0.0,True,True
SITE_018,2025-02-22,38.14990691884717,41.16962520126253,36.71398,36.56611392686102,0.0,0.0,152,0.0,True,True
SITE_018,2025-02-23,38.14990691884717,41.16962520126253,36.71398,36.56611392686102,0.0,0.0,152,0.0,True,True
SITE_018,2025-02-24,38.14990691884717,41.16962520126253,36.71398,36.56611392686102,0.0,0.0,152,0.0,True,True
SITE_018,2025-02-25,38.14990691884717,41.16962520126253,36.71398,36.56611392686102,0.0,0.0,152,0.0,True,True
SITE_019,2025-01-01,16.522662187403313,19.88285205606371,15.656121,14.029013252178943,20648.91,466.0,466,0.0,False,False
SITE_019,2025-01-02,16.673800674675277,20.336267517879605,15.656121,14.029013252178943,466.0,449.32619932532475,466,0.0,False,False
SITE_019,2025-01-03,16.701853346487752,20.42042553331703,15.656121,14.029013252178943,449.32619932532475,432.624345978837,466,0.0,False,False
SITE_019,2025-01-04,16.70706017635601,20.4360460229218,15.656121,14.029013252178943,432.624345978837,415.91728580248105,466,0.0,False,False
SITE_019,2025-01-05,16.70802661118867,20.438945327419788,15.656121,14.029013252178943,415.91728580248105,399.2092591912924,466,0.0,False,False
SITE_019,2025-01-06,16.70820599028058,20.439483464695517,15.656121,14.029013252178943,399.2092591912924,382.5010532010118,466,0.0,False,False
SITE_019,2025-01-07,16.70823928459696,20.439583347644657,15.656121,14.029013252178943,382.5010532010118,365.79281391641484,466,0.0,False,False
SITE_019,2025-01-08,16.708245464387904,20.43960188701749,15.656121,14.029013252178943,365.79281391641484,349.08456845202693,466,0.0,False,False
SITE_019,2025-01-09,16.708246611466876,20.4396053282544,15.656121,14.029013252178943,349.08456845202693,332.3763218405601,466,0.0,False,False
SITE_019,2025-01-10,16.708246824429306,20.439605967141688,15.656121,14.029013252178943,332.3763218405601,315.6680750161308,466,0.0,False,False
SITE_019,2025-01-11,16.708246864010516,20.43960608588532,15.656121,14.029013252178943,315.6680750161308,298.9598281521203,466,0.0,False,False
SITE_019,2025-01-12,16.708246871305874,20.4396061077714,15.656121,14.029013252178943,298.9598281521203,282.25158128081443,466,0.0,False,False
SITE_019,2025-01-13,16.70824687270286,20.439606111962348,15.656121,14.029013252178943,282.25158128081443,265.5433344081116,466,0.0,False,False
SITE_019,2025-01-14,16.708246873013298,20.43960611289367,15.656121,14.029013252178943,265.5433344081116,248.8350875350983,466,0.0,False,False
SITE_019,2025-01-15,16.708246873013298,20.43960611289367,15.656121,14.029013252178943,248.8350875350983,232.126840662085,466,0.0,False,False
SITE_019,2025-01-16,16.708246873013298,20.43960611289367,15.656121,14.029013252178943,232.126840662085,215.41859378907168,466,0.0,False,False
SITE_019,2025-01-17,16.708246873013298,20.43960611289367,15.656121,14.029013252178943,215.41859378907168,198.71034691605837,466,0.0,False,False
SITE_019,2025-01-18,16.708246873013298,20.43960611289367,15.656121,14.029013252178943,198.71034691605837,182.00210004304506,466,0.0,False,False
SITE_019,2025-01-19,16.708246873013298,20.43960611289367,15.656121,14.029013252178943,182.00210004304506,165.29385317003175,466,0.0,False,False
SITE_019,2025-01-20,16.708246873013298,20.43960611289367,15.656121,14.029013252178943,165.29385317003175,148.58560629701844,466,0.0,False,False
SITE_019,2025-01-21,16.708246873013298,20.43960611289367,15.656121,14.029013252178943,148.58560629701844,131.87735942400514,466,0.0,False,False
SITE_019,2025-01-22,16.708246873013298,20.43960611289367,15.656121,14.029013252178943,131.87735942400514,115.16911255099184,466,0.0,True,False
SITE_019,2025-01-23,16.708246873013298,20.43960611289367,15.656121,14.029013252178943,115.16911255099184,98.46086567797855,466,0.0,True,False
SITE_019,2025-01-24,16.708246873013298,20.43960611289367,15.656121,14.029013252178943,98.46086567797855,81.75261880496525,466,0.0,True,False
SITE_019,2025-01-25,16.708246873013298,20.43960611289367,15.656121,14.029013252178943,81.75261880496525,65.04437193195196,466,0.0,True,False
SITE_019,2025-01-26,16.708246873013298,20.43960611289367,15.656121,14.029013252178943,65.04437193195196,48.33612505893866,466,0.0,True,False
SITE_019,2025-01-27,16.708246873013298,20.43960611289367,15.656121,14.029013252178943,48.33612505893866,31.627878185925365,466,0.0,True,False
SITE_019,2025-01-28,16.708246873013298,20.43960611289367,15.656121,14.029013252178943,31.627878185925365,14.919631312912067,466,0.0,True,False
SITE_019,2025-01-29,16.708246873013298,20.43960611289367,15.656121,14.029013252178943,14.919631312912067,0.0,466,0.0,True,True
SITE_019,2025-01-30,16.708246873013298,20.43960611289367,15.656121,14.029013252178943,0.0,0.0,466,0.0,True,True
SITE_019,2025-01-31,16.708246873013298,20.43960611289367,15.656121,14.029013252178943,0.0,0.0,466,0.0,True,True
SITE_019,2025-02-01,16.708246873013298,20.43960611289367,15.656121,14.029013252178943,0.0,0.0,466,0.0,True,True
SITE_019,2025-02-02,16.708246873013298,20.43960611289367,15.656121,14.029013252178943,0.0,0.0,466,0.0,True,True
SITE_019,2025-02-03,16.708246873013298,20.43960611289367,15.656121,14.029013252178943,0.0,0.0,466,0.0,True,True
SITE_019,2025-02-04,16.708246873013298,20.43960611289367,15.656121,14.029013252178943,0.0,0.0,466,0.0,True,True
SITE_019,2025-02-05,16.708246873013298,20.43960611289367,15.656121,14.029013252178943,0.0,0.0,466,0.0,True,True
SITE_019,2025-02-06,16.708246873013298,20.43960611289367,15.656121,14.029013252178943,0.0,0.0,466,0.0,True,True
SITE_019,2025-02-07,16.708246873013298,20.43960611289367,15.656121,14.029013252178943,0.0,0.0,466,0.0,True,True
SITE_019,2025-02-08,16.708246873013298,20.43960611289367,15.656121,14.029013252178943,0.0,0.0,466,0.0,True,True
SITE_019,2025-02-09,16.708246873013298,20.43960611289367,15.656121,14.029013252178943,0.0,0.0,466,0.0,True,True
SITE_019,2025-02-10,16.708246873013298,20.43960611289367,15.656121,14.029013252178943,0.0,0.0,466,0.0,True,True
SITE_019,2025-02-11,16.708246873013298,20.43960611289367,15.656121,14.029013252178943,0.0,0.0,466,0.0,True,True
SITE_019,2025-02-12,16.708246873013298,20.43960611289367,15.656121,14.029013252178943,0.0,0.0,466,0.0,True,True
SITE_019,2025-02-13,16.708246873013298,20.43960611289367,15.656121,14.029013252178943,0.0,0.0,466,0.0,True,True
SITE_019,2025-02-14,16.708246873013298,20.43960611289367,15.656121,14.029013252178943,0.0,0.0,466,0.0,True,True
SITE_019,2025-02-15,16.708246873013298,20.43960611289367,15.656121,14.029013252178943,0.0,0.0,466,0.0,True,True
SITE_019,2025-02-16,16.708246873013298,20.43960611289367,15.656121,14.029013252178943,0.0,0.0,466,0.0,True,True
SITE_019,2025-02-17,16.708246873013298,20.43960611289367,15.656121,14.029013252178943,0.0,0.0,466,0.0,True,True
SITE_019,2025-02-18,16.708246873013298,20.43960611289367,15.656121,14.029013252178943,0.0,0.0,466,0.0,True,True
SITE_019,2025-02-19,16.708246873013298,20.43960611289367,15.656121,14.029013252178943,0.0,0.0,466,0.0,True,True
SITE_019,2025-02-20,16.708246873013298,20.43960611289367,15.656121,14.029013252178943,0.0,0.0,466,0.0,True,True
SITE_019,2025-02-21,16.708246873013298,20.43960611289367,15.656121,14.029013252178943,0.0,0.0,466,0.0,True,True
SITE_019,2025-02-22,16.708246873013298,20.43960611289367,15.656121,14.029013252178943,0.0,0.0,466,0.0,True,True
SITE_019,2025-02-23,16.708246873013298,20.43960611289367,15.656121,14.029013252178943,0.0,0.0,466,0.0,True,True
SITE_019,2025-02-24,16.708246873013298,20.43960611289367,15.656121,14.029013252178943,0.0,0.0,466,0.0,True,True
SITE_019,2025-02-25,16.708246873013298,20.43960611289367,15.656121,14.029013252178943,0.0,0.0,466,0.0,True,True
SITE_020,2025-01-01,7.168688840845334,0.0,5.8339105,17.889622888037138,75.01,67.84131115915467,363,0.0,True,False
SITE_020,2025-01-02,7.081160177545978,0.0,5.8339105,17.889622888037138,67.84131115915467,60.760150981608696,363,0.0,True,False
SITE_020,2025-01-03,7.070795287136964,0.0,5.8339105,17.889622888037138,60.760150981608696,53.68935569447173,363,0.0,True,False
SITE_020,2025-01-04,7.069567906894766,0.0,5.8339105,17.889622888037138,53.68935569447173,46.61978778757696,363,0.0,True,False
SITE_020,2025-01-05,7.06942256407289,0.0,5.8339105,17.889622888037138,46.61978778757696,39.55036522350407,363,0.0,True,False
SITE_020,2025-01-06,7.0694053529988805,0.0,5.8339105,17.889622888037138,39.55036522350407,32.480959870505195,363,0.0,True,False
SITE_020,2025-01-07,7.069403314915841,0.0,5.8339105,17.889622888037138,32.480959870505195,25.411556555589353,363,0.0,True,False
SITE_020,2025-01-08,7.069403073586879,0.0,5.8339105,17.889622888037138,25.411556555589353,18.342153482002473,363,0.0,True,False
SITE_020,2025-01-09,7.06940304502632,0.0,5.8339105,17.889622888037138,18.342153482002473,11.272750436976153,363,0.0,True,False
SITE_020,2025-01-10,7.069403041650276,0.0,5.8339105,17.889622888037138,11.272750436976153,4.203347395325877,363,0.0,True,False
SITE_020,2025-01-11,7.069403041262224,0.0,5.8339105,17.889622888037138,4.203347395325877,0.0,363,0.0,True,True
SITE_020,2025-01-12,7.06940304122342,0.0,5.8339105,17.889622888037138,0.0,0.0,363,0.0,True,True
SITE_020,2025-01-13,7.06940304122342,0.0,5.8339105,17.889622888037138,0.0,0.0,363,0.0,True,True
SITE_020,2025-01-14,7.06940304122342,0.0,5.8339105,17.889622888037138,0.0,0.0,363,0.0,True,True
SITE_020,2025-01-15,7.06940304122342,0.0,5.8339105,17.889622888037138,0.0,0.0,363,0.0,True,True
SITE_020,2025-01-16,7.06940304122342,0.0,5.8339105,17.889622888037138,0.0,0.0,363,0.0,True,True
SITE_020,2025-01-17,7.06940304122342,0.0,5.8339105,17.889622888037138,0.0,0.0,363,0.0,True,True
SITE_020,2025-01-18,7.06940304122342,0.0,5.8339105,17.889622888037138,0.0,0.0,363,0.0,True,True
SITE_020,2025-01-19,7.06940304122342,0.0,5.8339105,17.889622888037138,0.0,0.0,363,0.0,True,True
SITE_020,2025-01-20,7.06940304122342,0.0,5.8339105,17.889622888037138,0.0,0.0,363,0.0,True,True
SITE_020,2025-01-21,7.06940304122342,0.0,5.8339105,17.889622888037138,0.0,0.0,363,0.0,True,True
SITE_020,2025-01-22,7.06940304122342,0.0,5.8339105,17.889622888037138,0.0,0.0,363,0.0,True,True
SITE_020,2025-01-23,7.06940304122342,0.0,5.8339105,17.889622888037138,0.0,0.0,363,0.0,True,True
SITE_020,2025-01-24,7.06940304122342,0.0,5.8339105,17.889622888037138,0.0,0.0,363,0.0,True,True
SITE_020,2025-01-25,7.06940304122342,0.0,5.8339105,17.889622888037138,0.0,0.0,363,0.0,True,True
SITE_020,2025-01-26,7.06940304122342,0.0,5.8339105,17.889622888037138,0.0,0.0,363,0.0,True,True
SITE_020,2025-01-27,7.06940304122342,0.0,5.8339105,17.889622888037138,0.0,0.0,363,0.0,True,True
SITE_020,2025-01-28,7.06940304122342,0.0,5.8339105,17.889622888037138,0.0,0.0,363,0.0,True,True
SITE_020,2025-01-29,7.06940304122342,0.0,5.8339105,17.889622888037138,0.0,0.0,363,0.0,True,True
SITE_020,2025-01-30,7.06940304122342,0.0,5.8339105,17.889622888037138,0.0,0.0,363,0.0,True,True
SITE_020,2025-01-31,7.06940304122342,0.0,5.8339105,17.889622888037138,0.0,0.0,363,0.0,True,True
SITE_020,2025-02-01,7.06940304122342,0.0,5.8339105,17.889622888037138,0.0,0.0,363,0.0,True,True
SITE_020,2025-02-02,7.06940304122342,0.0,5.8339105,17.889622888037138,0.0,0.0,363,0.0,True,True
SITE_020,2025-02-03,7.06940304122342,0.0,5.8339105,17.889622888037138,0.0,0.0,363,0.0,True,True
SITE_020,2025-02-04,7.06940304122342,0.0,5.8339105,17.889622888037138,0.0,0.0,363,0.0,True,True
SITE_020,2025-02-05,7.06940304122342,0.0,5.8339105,17.889622888037138,0.0,0.0,363,0.0,True,True
SITE_020,2025-02-06,7.06940304122342,0.0,5.8339105,17.889622888037138,0.0,0.0,363,0.0,True,True
SITE_020,2025-02-07,7.06940304122342,0.0,5.8339105,17.889622888037138,0.0,0.0,363,0.0,True,True
SITE_020,2025-02-08,7.06940304122342,0.0,5.8339105,17.889622888037138,0.0,0.0,363,0.0,True,True
SITE_020,2025-02-09,7.06940304122342,0.0,5.8339105,17.889622888037138,0.0,0.0,363,0.0,True,True
SITE_020,2025-02-10,7.06940304122342,0.0,5.8339105,17.889622888037138,0.0,0.0,363,0.0,True,True
SITE_020,2025-02-11,7.06940304122342,0.0,5.8339105,17.889622888037138,0.0,0.0,363,0.0,True,True
SITE_020,2025-02-12,7.06940304122342,0.0,5.8339105,17.889622888037138,0.0,0.0,363,0.0,True,True
SITE_020,2025-02-13,7.06940304122342,0.0,5.8339105,17.889622888037138,0.0,0.0,363,0.0,True,True
SITE_020,2025-02-14,7.06940304122342,0.0,5.8339105,17.889622888037138,0.0,0.0,363,0.0,True,True
SITE_020,2025-02-15,7.06940304122342,0.0,5.8339105,17.889622888037138,0.0,0.0,363,0.0,True,True
SITE_020,2025-02-16,7.06940304122342,0.0,5.8339105,17.889622888037138,0.0,0.0,363,0.0,True,True
SITE_020,2025-02-17,7.06940304122342,0.0,5.8339105,17.889622888037138,0.0,0.0,363,0.0,True,True
SITE_020,2025-02-18,7.06940304122342,0.0,5.8339105,17.889622888037138,0.0,0.0,363,0.0,True,True
SITE_020,2025-02-19,7.06940304122342,0.0,5.8339105,17.889622888037138,0.0,0.0,363,0.0,True,True
SITE_020,2025-02-20,7.06940304122342,0.0,5.8339105,17.889622888037138,0.0,0.0,363,0.0,True,True
SITE_020,2025-02-21,7.06940304122342,0.0,5.8339105,17.889622888037138,0.0,0.0,363,0.0,True,True
SITE_020,2025-02-22,7.06940304122342,0.0,5.8339105,17.889622888037138,0.0,0.0,363,0.0,True,True
SITE_020,2025-02-23,7.06940304122342,0.0,5.8339105,17.889622888037138,0.0,0.0,363,0.0,True,True
SITE_020,2025-02-24,7.06940304122342,0.0,5.8339105,17.889622888037138,0.0,0.0,363,0.0,True,True
SITE_020,2025-02-25,7.06940304122342,0.0,5.8339105,17.889622888037138,0.0,0.0,363,0.0,True,True
SITE_021,2025-01-01,5.593520962012701,0.0,1.4144714,16.390424721409808,10.67,5.076479037987299,180,0.0,True,False
SITE_021,2025-01-02,5.620645738051974,0.0,1.4144714,16.390424721409808,5.076479037987299,0.0,180,0.0,True,True
SITE_021,2025-01-03,5.618490911477326,0.0,1.4144714,16.390424721409808,0.0,0.0,180,0.0,True,True
SITE_021,2025-01-04,5.618662093611204,0.0,1.4144714,16.390424721409808,0.0,0.0,180,0.0,True,True
SITE_021,2025-01-05,5.6186484946718,0.0,1.4144714,16.390424721409808,0.0,0.0,180,0.0,True,True
SITE_021,2025-01-06,5.618649575005986,0.0,1.4144714,16.390424721409808,0.0,0.0,180,0.0,True,True
SITE_021,2025-01-07,5.61864948916909,0.0,1.4144714,16.390424721409808,0.0,0.0,180,0.0,True,True
SITE_021,2025-01-08,5.618649495998788,0.0,1.4144714,16.390424721409808,0.0,0.0,180,0.0,True,True
SITE_021,2025-01-09,5.618649495455517,0.0,1.4144714,16.390424721409808,0.0,0.0,180,0.0,True,True
SITE_021,2025-01-10,5.618649495533127,0.0,1.4144714,16.390424721409808,0.0,0.0,180,0.0,True,True
SITE_021,2025-01-11,5.618649495533127,0.0,1.4144714,16.390424721409808,0.0,0.0,180,0.0,True,True
SITE_021,2025-01-12,5.618649495533127,0.0,1.4144714,16.390424721409808,0.0,0.0,180,0.0,True,True
SITE_021,2025-01-13,5.618649495533127,0.0,1.4144714,16.390424721409808,0.0,0.0,180,0.0,True,True
SITE_021,2025-01-14,5.618649495533127,0.0,1.4144714,16.390424721409808,0.0,0.0,180,0.0,True,True
SITE_021,2025-01-15,5.618649495533127,0.0,1.4144714,16.390424721409808,0.0,0.0,180,0.0,True,True
SITE_021,2025-01-16,5.618649495533127,0.0,1.4144714,16.390424721409808,0.0,0.0,180,0.0,True,True
SITE_021,2025-01-17,5.618649495533127,0.0,1.4144714,16.390424721409808,0.0,0.0,180,0.0,True,True
SITE_021,2025-01-18,5.618649495533127,0.0,1.4144714,16.390424721409808,0.0,0.0,180,0.0,True,True
SITE_021,2025-01-19,5.618649495533127,0.0,1.4144714,16.390424721409808,0.0,0.0,180,0.0,True,True
SITE_021,2025-01-20,5.618649495533127,0.0,1.4144714,16.390424721409808,0.0,0.0,180,0.0,True,True
SITE_021,2025-01-21,5.618649495533127,0.0,1.4144714,16.390424721409808,0.0,0.0,180,0.0,True,True
SITE_021,2025-01-22,5.618649495533127,0.0,1.4144714,16.390424721409808,0.0,0.0,180,0.0,True,True
SITE_021,2025-01-23,5.618649495533127,0.0,1.4144714,16.390424721409808,0.0,0.0,180,0.0,True,True
SITE_021,2025-01-24,5.618649495533127,0.0,1.4144714,16.390424721409808,0.0,0.0,180,0.0,True,True
SITE_021,2025-01-25,5.618649495533127,0.0,1.4144714,16.390424721409808,0.0,0.0,180,0.0,True,True
SITE_021,2025-01-26,5.618649495533127,0.0,1.4144714,16.390424721409808,0.0,0.0,180,0.0,True,True
SITE_021,2025-01-27,5.618649495533127,0.0,1.4144714,16.390424721409808,0.0,0.0,180,0.0,True,True
SITE_021,2025-01-28,5.618649495533127,0.0,1.4144714,16.390424721409808,0.0,0.0,180,0.0,True,True
SITE_021,2025-01-29,5.618649495533127,0.0,1.4144714,16.390424721409808,0.0,0.0,180,0.0,True,True
SITE_021,2025-01-30,5.618649495533127,0.0,1.4144714,16.390424721409808,0.0,0.0,180,0.0,True,True
SITE_021,2025-01-31,5.618649495533127,0.0,1.4144714,16.390424721409808,0.0,0.0,180,0.0,True,True
SITE_021,2025-02-01,5.618649495533127,0.0,1.4144714,16.390424721409808,0.0,0.0,180,0.0,True,True
SITE_021,2025-02-02,5.618649495533127,0.0,1.4144714,16.390424721409808,0.0,0.0,180,0.0,True,True
SITE_021,2025-02-03,5.618649495533127,0.0,1.4144714,16.390424721409808,0.0,0.0,180,0.0,True,True
SITE_021,2025-02-04,5.618649495533127,0.0,1.4144714,16.390424721409808,0.0,0.0,180,0.0,True,True
SITE_021,2025-02-05,5.618649495533127,0.0,1.4144714,16.390424721409808,0.0,0.0,180,0.0,True,True
SITE_021,2025-02-06,5.618649495533127,0.0,1.4144714,16.390424721409808,0.0,0.0,180,0.0,True,True
SITE_021,2025-02-07,5.618649495533127,0.0,1.4144714,16.390424721409808,0.0,0.0,180,0.0,True,True
SITE_021,2025-02-08,5.618649495533127,0.0,1.4144714,16.390424721409808,0.0,0.0,180,0.0,True,True
SITE_021,2025-02-09,5.618649495533127,0.0,1.4144714,16.390424721409808,0.0,0.0,180,0.0,True,True
SITE_021,2025-02-10,5.618649495533127,0.0,1.4144714,16.390424721409808,0.0,0.0,180,0.0,True,True
SITE_021,2025-02-11,5.618649495533127,0.0,1.4144714,16.390424721409808,0.0,0.0,180,0.0,True,True
SITE_021,2025-02-12,5.618649495533127,0.0,1.4144714,16.390424721409808,0.0,0.0,180,0.0,True,True
SITE_021,2025-02-13,5.618649495533127,0.0,1.4144714,16.390424721409808,0.0,0.0,180,0.0,True,True
SITE_021,2025-02-14,5.618649495533127,0.0,1.4144714,16.390424721409808,0.0,0.0,180,0.0,True,True
SITE_021,2025-02-15,5.618649495533127,0.0,1.4144714,16.390424721409808,0.0,0.0,180,0.0,True,True
SITE_021,2025-02-16,5.618649495533127,0.0,1.4144714,16.390424721409808,0.0,0.0,180,0.0,True,True
SITE_021,2025-02-17,5.618649495533127,0.0,1.4144714,16.390424721409808,0.0,0.0,180,0.0,True,True
SITE_021,2025-02-18,5.618649495533127,0.0,1.4144714,16.390424721409808,0.0,0.0,180,0.0,True,True
SITE_021,2025-02-19,5.618649495533127,0.0,1.4144714,16.390424721409808,0.0,0.0,180,0.0,True,True
SITE_021,2025-02-20,5.618649495533127,0.0,1.4144714,16.390424721409808,0.0,0.0,180,0.0,True,True
SITE_021,2025-02-21,5.618649495533127,0.0,1.4144714,16.390424721409808,0.0,0.0,180,0.0,True,True
SITE_021,2025-02-22,5.618649495533127,0.0,1.4144714,16.390424721409808,0.0,0.0,180,0.0,True,True
SITE_021,2025-02-23,5.618649495533127,0.0,1.4144714,16.390424721409808,0.0,0.0,180,0.0,True,True
SITE_021,2025-02-24,5.618649495533127,0.0,1.4144714,16.390424721409808,0.0,0.0,180,0.0,True,True
SITE_021,2025-02-25,5.618649495533127,0.0,1.4144714,16.390424721409808,0.0,0.0,180,0.0,True,True
SITE_022,2025-01-01,25.537788876449763,19.12848891550675,27.598146,29.886731275243896,0.0,0.0,487,0.0,True,True
SITE_022,2025-01-02,25.40298299906721,18.72407128335908,27.598146,29.886731275243896,0.0,0.0,487,0.0,True,True
SITE_022,2025-01-03,25.395557024633582,18.70179336005822,27.598146,29.886731275243896,0.0,0.0,487,0.0,True,True
SITE_022,2025-01-04,25.3951479542312,18.700566148851067,27.598146,29.886731275243896,0.0,0.0,487,0.0,True,True
SITE_022,2025-01-05,25.3951254200278,18.70049854624085,27.598146,29.886731275243896,0.0,0.0,487,0.0,True,True
SITE_022,2025-01-06,25.395124178730025,18.700494822347537,27.598146,29.886731275243896,0.0,0.0,487,0.0,True,True
SITE_022,2025-01-07,25.395124110355425,18.70049461722374,27.598146,29.886731275243896,0.0,0.0,487,0.0,True,True
SITE_022,2025-01-08,25.39512410655253,18.70049460581504,27.598146,29.886731275243896,0.0,0.0,487,0.0,True,True
SITE_022,2025-01-09,25.39512410631969,18.700494605116543,27.598146,29.886731275243896,0.0,0.0,487,0.0,True,True
SITE_022,2025-01-10,25.39512410631969,18.700494605116543,27.598146,29.886731275243896,0.0,0.0,487,0.0,True,True
SITE_022,2025-01-11,25.39512410631969,18.700494605116543,27.598146,29.886731275243896,0.0,0.0,487,0.0,True,True
SITE_022,2025-01-12,25.39512410631969,18.700494605116543,27.598146,29.886731275243896,0.0,0.0,487,0.0,True,True
SITE_022,2025-01-13,25.39512410631969,18.700494605116543,27.598146,29.886731275243896,0.0,0.0,487,0.0,True,True
SITE_022,2025-01-14,25.39512410631969,18.700494605116543,27.598146,29.886731275243896,0.0,0.0,487,0.0,True,True
SITE_022,2025-01-15,25.39512410631969,18.700494605116543,27.598146,29.886731275243896,0.0,0.0,487,0.0,True,True
SITE_022,2025-01-16,25.39512410631969,18.700494605116543,27.598146,29.886731275243896,0.0,0.0,487,0.0,True,True
SITE_022,2025-01-17,25.39512410631969,18.700494605116543,27.598146,29.886731275243896,0.0,0.0,487,0.0,True,True
SITE_022,2025-01-18,25.39512410631969,18.700494605116543,27.598146,29.886731275243896,0.0,0.0,487,0.0,True,True
SITE_022,2025-01-19,25.39512410631969,18.700494605116543,27.598146,29.886731275243896,0.0,0.0,487,0.0,True,True
SITE_022,2025-01-20,25.39512410631969,18.700494605116543,27.598146,29.886731275243896,0.0,0.0,487,0.0,True,True
SITE_022,2025-01-21,25.39512410631969,18.700494605116543,27.598146,29.886731275243896,0.0,0.0,487,0.0,True,True
SITE_022,2025-01-22,25.39512410631969,18.700494605116543,27.598146,29.886731275243896,0.0,0.0,487,0.0,True,True
SITE_022,2025-01-23,25.39512410631969,18.700494605116543,27.598146,29.886731275243896,0.0,0.0,487,0.0,True,True
SITE_022,2025-01-24,25.39512410631969,18.700494605116543,27.598146,29.886731275243896,0.0,0.0,487,0.0,True,True
SITE_022,2025-01-25,25.39512410631969,18.700494605116543,27.598146,29.886731275243896,0.0,0.0,487,0.0,True,True
SITE_022,2025-01-26,25.39512410631969,18.700494605116543,27.598146,29.886731275243896,0.0,0.0,487,0.0,True,True
SITE_022,2025-01-27,25.39512410631969,18.700494605116543,27.598146,29.886731275243896,0.0,0.0,487,0.0,True,True
SITE_022,2025-01-28,25.39512410631969,18.700494605116543,27.598146,29.886731275243896,0.0,0.0,487,0.0,True,True
SITE_022,2025-01-29,25.39512410631969,18.700494605116543,27.598146,29.886731275243896,0.0,0.0,487,0.0,True,True
SITE_022,2025-01-30,25.39512410631969,18.700494605116543,27.598146,29.886731275243896,0.0,0.0,487,0.0,True,True
SITE_022,2025-01-31,25.39512410631969,18.700494605116543,27.598146,29.886731275243896,0.0,0.0,487,0.0,True,True
SITE_022,2025-02-01,25.39512410631969,18.700494605116543,27.598146,29.886731275243896,0.0,0.0,487,0.0,True,True
SITE_022,2025-02-02,25.39512410631969,18.700494605116543,27.598146,29.886731275243896,0.0,0.0,487,0.0,True,True
SITE_022,2025-02-03,25.39512410631969,18.700494605116543,27.598146,29.886731275243896,0.0,0.0,487,0.0,True,True
SITE_022,2025-02-04,25.39512410631969,18.700494605116543,27.598146,29.886731275243896,0.0,0.0,487,0.0,True,True
SITE_022,2025-02-05,25.39512410631969,18.700494605116543,27.598146,29.886731275243896,0.0,0.0,487,0.0,True,True
SITE_022,2025-02-06,25.39512410631969,18.700494605116543,27.598146,29.886731275243896,0.0,0.0,487,0.0,True,True
SITE_022,2025-02-07,25.39512410631969,18.700494605116543,27.598146,29.886731275243896,0.0,0.0,487,0.0,True,True
SITE_022,2025-02-08,25.39512410631969,18.700494605116543,27.598146,29.886731275243896,0.0,0.0,487,0.0,True,True
SITE_022,2025-02-09,25.39512410631969,18.700494605116543,27.598146,29.886731275243896,0.0,0.0,487,0.0,True,True
SITE_022,2025-02-10,25.39512410631969,18.700494605116543,27.598146,29.886731275243896,0.0,0.0,487,0.0,True,True
SITE_022,2025-02-11,25.39512410631969,18.700494605116543,27.598146,29.886731275243896,0.0,0.0,487,0.0,True,True
SITE_022,2025-02-12,25.39512410631969,18.700494605116543,27.598146,29.886731275243896,0.0,0.0,487,0.0,True,True
SITE_022,2025-02-13,25.39512410631969,18.700494605116543,27.598146,29.886731275243896,0.0,0.0,487,0.0,True,True
SITE_022,2025-02-14,25.39512410631969,18.700494605116543,27.598146,29.886731275243896,0.0,0.0,487,0.0,True,True
SITE_022,2025-02-15,25.39512410631969,18.700494605116543,27.598146,29.886731275243896,0.0,0.0,487,0.0,True,True
SITE_022,2025-02-16,25.39512410631969,18.700494605116543,27.598146,29.886731275243896,0.0,0.0,487,0.0,True,True
SITE_022,2025-02-17,25.39512410631969,18.700494605116543,27.598146,29.886731275243896,0.0,0.0,487,0.0,True,True
SITE_022,2025-02-18,25.39512410631969,18.700494605116543,27.598146,29.886731275243896,0.0,0.0,487,0.0,True,True
SITE_022,2025-02-19,25.39512410631969,18.700494605116543,27.598146,29.886731275243896,0.0,0.0,487,0.0,True,True
SITE_022,2025-02-20,25.39512410631969,18.700494605116543,27.598146,29.886731275243896,0.0,0.0,487,0.0,True,True
SITE_022,2025-02-21,25.39512410631969,18.700494605116543,27.598146,29.886731275243896,0.0,0.0,487,0.0,True,True
SITE_022,2025-02-22,25.39512410631969,18.700494605116543,27.598146,29.886731275243896,0.0,0.0,487,0.0,True,True
SITE_022,2025-02-23,25.39512410631969,18.700494605116543,27.598146,29.886731275243896,0.0,0.0,487,0.0,True,True
SITE_022,2025-02-24,25.39512410631969,18.700494605116543,27.598146,29.886731275243896,0.0,0.0,487,0.0,True,True
SITE_022,2025-02-25,25.39512410631969,18.700494605116543,27.598146,29.886731275243896,0.0,0.0,487,0.0,True,True
SITE_023,2025-01-01,13.40645979428315,12.271839958033524,13.920124,14.027415370860844,19208.45,153.0,153,0.0,False,False
SITE_023,2025-01-02,13.354578499430405,12.116196073475294,13.920124,14.027415370860844,153.0,139.6454215005696,153,0.0,False,False
SITE_023,2025-01-03,13.346647520064922,12.092403135378843,13.920124,14.027415370860844,139.6454215005696,126.29877398050468,153,0.0,False,False
SITE_023,2025-01-04,13.345435128722263,12.088765961350871,13.920124,14.027415370860844,126.29877398050468,112.95333885178242,153,0.0,False,False
SITE_023,2025-01-05,13.345249793124,12.088209954556078,13.920124,14.027415370860844,112.95333885178242,99.60808905865842,153,0.0,False,False
SITE_023,2025-01-06,13.345221461282348,12.08812495903112,13.920124,14.027415370860844,99.60808905865842,86.26286759737607,153,0.0,False,False
SITE_023,2025-01-07,13.345217130244324,12.08811196591705,13.920124,14.027415370860844,86.26286759737607,72.91765046713175,153,0.0,False,False
SITE_023,2025-01-08,13.345216468151584,12.08810997963883,13.920124,14.027415370860844,72.91765046713175,59.572433998980166,153,0.0,False,False
SITE_023,2025-01-09,13.345216366947865,12.08810967602767,13.920124,14.027415370860844,59.572433998980166,46.2272176320323,153,0.0,False,False
SITE_023,2025-01-10,13.345216351464629,12.088109629577955,13.920124,14.027415370860844,46.2272176320323,32.88200128056767,153,0.0,True,False
SITE_023,2025-01-11,13.345216349097514,12.088109622476622,13.920124,14.027415370860844,32.88200128056767,19.53678493147016,153,0.0,True,False
SITE_023,2025-01-12,13.345216348748268,12.088109621428885,13.920124,14.027415370860844,19.53678493147016,6.1915685827218905,153,0.0,True,False
SITE_023,2025-01-13,13.345216348709464,12.08810962131247,13.920124,14.027415370860844,6.1915685827218905,0.0,153,0.0,True,True
SITE_023,2025-01-14,13.345216348709464,12.08810962131247,13.920124,14.027415370860844,0.0,0.0,153,0.0,True,True
SITE_023,2025-01-15,13.345216348709464,12.08810962131247,13.920124,14.027415370860844,0.0,0.0,153,0.0,True,True
SITE_023,2025-01-16,13.345216348709464,12.08810962131247,13.920124,14.027415370860844,0.0,0.0,153,0.0,True,True
SITE_023,2025-01-17,13.345216348709464,12.08810962131247,13.920124,14.027415370860844,0.0,0.0,153,0.0,True,True
SITE_023,2025-01-18,13.345216348709464,12.08810962131247,13.920124,14.027415370860844,0.0,0.0,153,0.0,True,True
SITE_023,2025-01-19,13.345216348709464,12.08810962131247,13.920124,14.027415370860844,0.0,0.0,153,0.0,True,True
SITE_023,2025-01-20,13.345216348709464,12.08810962131247,13.920124,14.027415370860844,0.0,0.0,153,0.0,True,True
SITE_023,2025-01-21,13.345216348709464,12.08810962131247,13.920124,14.027415370860844,0.0,0.0,153,0.0,True,True
SITE_023,2025-01-22,13.345216348709464,12.08810962131247,13.920124,14.027415370860844,0.0,0.0,153,0.0,True,True
SITE_023,2025-01-23,13.345216348709464,12.08810962131247,13.920124,14.027415370860844,0.0,0.0,153,0.0,True,True
SITE_023,2025-01-24,13.345216348709464,12.08810962131247,13.920124,14.027415370860844,0.0,0.0,153,0.0,True,True
SITE_023,2025-01-25,13.345216348709464,12.08810962131247,13.920124,14.027415370860844,0.0,0.0,153,0.0,True,True
SITE_023,2025-01-26,13.345216348709464,12.08810962131247,13.920124,14.027415370860844,0.0,0.0,153,0.0,True,True
SITE_023,2025-01-27,13.345216348709464,12.08810962131247,13.920124,14.027415370860844,0.0,0.0,153,0.0,True,True
SITE_023,2025-01-28,13.345216348709464,12.08810962131247,13.920124,14.027415370860844,0.0,0.0,153,0.0,True,True
SITE_023,2025-01-29,13.345216348709464,12.08810962131247,13.920124,14.027415370860844,0.0,0.0,153,0.0,True,True
SITE_023,2025-01-30,13.345216348709464,12.08810962131247,13.920124,14.027415370860844,0.0,0.0,153,0.0,True,True
SITE_023,2025-01-31,13.345216348709464,12.08810962131247,13.920124,14.027415370860844,0.0,0.0,153,0.0,True,True
SITE_023,2025-02-01,13.345216348709464,12.08810962131247,13.920124,14.027415370860844,0.0,0.0,153,0.0,True,True
SITE_023,2025-02-02,13.345216348709464,12.08810962131247,13.920124,14.027415370860844,0.0,0.0,153,0.0,True,True
SITE_023,2025-02-03,13.345216348709464,12.08810962131247,13.920124,14.027415370860844,0.0,0.0,153,0.0,True,True
SITE_023,2025-02-04,13.345216348709464,12.08810962131247,13.920124,14.027415370860844,0.0,0.0,153,0.0,True,True
SITE_023,2025-02-05,13.345216348709464,12.08810962131247,13.920124,14.027415370860844,0.0,0.0,153,0.0,True,True
SITE_023,2025-02-06,13.345216348709464,12.08810962131247,13.920124,14.027415370860844,0.0,0.0,153,0.0,True,True
SITE_023,2025-02-07,13.345216348709464,12.08810962131247,13.920124,14.027415370860844,0.0,0.0,153,0.0,True,True
SITE_023,2025-02-08,13.345216348709464,12.08810962131247,13.920124,14.027415370860844,0.0,0.0,153,0.0,True,True
SITE_023,2025-02-09,13.345216348709464,12.08810962131247,13.920124,14.027415370860844,0.0,0.0,153,0.0,True,True
SITE_023,2025-02-10,13.345216348709464,12.08810962131247,13.920124,14.027415370860844,0.0,0.0,153,0.0,True,True
SITE_023,2025-02-11,13.345216348709464,12.08810962131247,13.920124,14.027415370860844,0.0,0.0,153,0.0,True,True
SITE_023,2025-02-12,13.345216348709464,12.08810962131247,13.920124,14.027415370860844,0.0,0.0,153,0.0,True,True
SITE_023,2025-02-13,13.345216348709464,12.08810962131247,13.920124,14.027415370860844,0.0,0.0,153,0.0,True,True
SITE_023,2025-02-14,13.345216348709464,12.08810962131247,13.920124,14.027415370860844,0.0,0.0,153,0.0,True,True
SITE_023,2025-02-15,13.345216348709464,12.08810962131247,13.920124,14.027415370860844,0.0,0.0,153,0.0,True,True
SITE_023,2025-02-16,13.345216348709464,12.08810962131247,13.920124,14.027415370860844,0.0,0.0,153,0.0,True,True
SITE_023,2025-02-17,13.345216348709464,12.08810962131247,13.920124,14.027415370860844,0.0,0.0,153,0.0,True,True
SITE_023,2025-02-18,13.345216348709464,12.08810962131247,13.920124,14.027415370860844,0.0,0.0,153,0.0,True,True
SITE_023,2025-02-19,13.345216348709464,12.08810962131247,13.920124,14.027415370860844,0.0,0.0,153,0.0,True,True
SITE_023,2025-02-20,13.345216348709464,12.08810962131247,13.920124,14.027415370860844,0.0,0.0,153,0.0,True,True
SITE_023,2025-02-21,13.345216348709464,12.08810962131247,13.920124,14.027415370860844,0.0,0.0,153,0.0,True,True
SITE_023,2025-02-22,13.345216348709464,12.08810962131247,13.920124,14.027415370860844,0.0,0.0,153,0.0,True,True
SITE_023,2025-02-23,13.345216348709464,12.08810962131247,13.920124,14.027415370860844,0.0,0.0,153,0.0,True,True
SITE_023,2025-02-24,13.345216348709464,12.08810962131247,13.920124,14.027415370860844,0.0,0.0,153,0.0,True,True
SITE_023,2025-02-25,13.345216348709464,12.08810962131247,13.920124,14.027415370860844,0.0,0.0,153,0.0,True,True
SITE_024,2025-01-01,45.82011148414921,35.18677455279976,53.17592,49.0976413205463,586.85,290.0,290,0.0,False,False
SITE_024,2025-01-02,45.23421635179816,33.429089155746624,53.17592,49.0976413205463,290.0,244.76578364820185,290,0.0,False,False
SITE_024,2025-01-03,45.1772674782733,33.25824253517203,53.17592,49.0976413205463,244.76578364820185,199.58851616992854,290,0.0,False,False
SITE_024,2025-01-04,45.17173206072647,33.241636282531545,53.17592,49.0976413205463,199.58851616992854,154.41678410920207,290,0.0,False,False
SITE_024,2025-01-05,45.17119401937697,33.24002215848304,53.17592,49.0976413205463,154.41678410920207,109.2455900898251,290,0.0,False,False
SITE_024,2025-01-06,45.17114172188912,33.23986526601948,53.17592,49.0976413205463,109.2455900898251,64.07444836793599,290,0.0,True,False
SITE_024,2025-01-07,45.17113663857528,33.23985001607798,53.17592,49.0976413205463,64.07444836793599,18.90331172936071,290,0.0,True,False
SITE_024,2025-01-08,45.17113614450866,33.2398485338781,53.17592,49.0976413205463,18.90331172936071,0.0,290,0.0,True,True
SITE_024,2025-01-09,45.17113609646793,33.239848389755934,53.17592,49.0976413205463,0.0,0.0,290,0.0,True,True
SITE_024,2025-01-10,45.17113609181132,33.239848375786096,53.17592,49.0976413205463,0.0,0.0,290,0.0,True,True
SITE_024,2025-01-11,45.17113609134566,33.23984837438911,53.17592,49.0976413205463,0.0,0.0,290,0.0,True,True
SITE_024,2025-01-12,45.171136091268046,33.23984837415628,53.17592,49.0976413205463,0.0,0.0,290,0.0,True,True
SITE_024,2025-01-13,45.171136091268046,33.23984837415628,53.17592,49.0976413205463,0.0,0.0,290,0.0,True,True
SITE_024,2025-01-14,45.171136091268046,33.23984837415628,53.17592,49.0976413205463,0.0,0.0,290,0.0,True,True
SITE_024,2025-01-15,45.171136091268046,33.23984837415628,53.17592,49.0976413205463,0.0,0.0,290,0.0,True,True
SITE_024,2025-01-16,45.171136091268046,33.23984837415628,53.17592,49.0976413205463,0.0,0.0,290,0.0,True,True
SITE_024,2025-01-17,45.171136091268046,33.23984837415628,53.17592,49.0976413205463,0.0,0.0,290,0.0,True,True
SITE_024,2025-01-18,45.171136091268046,33.23984837415628,53.17592,49.0976413205463,0.0,0.0,290,0.0,True,True
SITE_024,2025-01-19,45.171136091268046,33.23984837415628,53.17592,49.0976413205463,0.0,0.0,290,0.0,True,True
SITE_024,2025-01-20,45.171136091268046,33.23984837415628,53.17592,49.0976413205463,0.0,0.0,290,0.0,True,True
SITE_024,2025-01-21,45.171136091268046,33.23984837415628,53.17592,49.0976413205463,0.0,0.0,290,0.0,True,True
SITE_024,2025-01-22,45.171136091268046,33.23984837415628,53.17592,49.0976413205463,0.0,0.0,290,0.0,True,True
SITE_024,2025-01-23,45.171136091268046,33.23984837415628,53.17592,49.0976413205463,0.0,0.0,290,0.0,True,True
SITE_024,2025-01-24,45.171136091268046,33.23984837415628,53.17592,49.0976413205463,0.0,0.0,290,0.0,True,True
SITE_024,2025-01-25,45.171136091268046,33.23984837415628,53.17592,49.0976413205463,0.0,0.0,290,0.0,True,True
SITE_024,2025-01-26,45.171136091268046,33.23984837415628,53.17592,49.0976413205463,0.0,0.0,290,0.0,True,True
SITE_024,2025-01-27,45.171136091268046,33.23984837415628,53.17592,49.0976413205463,0.0,0.0,290,0.0,True,True
SITE_024,2025-01-28,45.171136091268046,33.23984837415628,53.17592,49.0976413205463,0.0,0.0,290,0.0,True,True
SITE_024,2025-01-29,45.171136091268046,33.23984837415628,53.17592,49.0976413205463,0.0,0.0,290,0.0,True,True
SITE_024,2025-01-30,45.171136091268046,33.23984837415628,53.17592,49.0976413205463,0.0,0.0,290,0.0,True,True
SITE_024,2025-01-31,45.171136091268046,33.23984837415628,53.17592,49.0976413205463,0.0,0.0,290,0.0,True,True
SITE_024,2025-02-01,45.171136091268046,33.23984837415628,53.17592,49.0976413205463,0.0,0.0,290,0.0,True,True
SITE_024,2025-02-02,45.171136091268046,33.23984837415628,53.17592,49.0976413205463,0.0,0.0,290,0.0,True,True
SITE_024,2025-02-03,45.171136091268046,33.23984837415628,53.17592,49.0976413205463,0.0,0.0,290,0.0,True,True
SITE_024,2025-02-04,45.171136091268046,33.23984837415628,53.17592,49.0976413205463,0.0,0.0,290,0.0,True,True
SITE_024,2025-02-05,45.171136091268046,33.23984837415628,53.17592,49.0976413205463,0.0,0.0,290,0.0,True,True
SITE_024,2025-02-06,45.171136091268046,33.23984837415628,53.17592,49.0976413205463,0.0,0.0,290,0.0,True,True
SITE_024,2025-02-07,45.171136091268046,33.23984837415628,53.17592,49.0976413205463,0.0,0.0,290,0.0,True,True
SITE_024,2025-02-08,45.171136091268046,33.23984837415628,53.17592,49.0976413205463,0.0,0.0,290,0.0,True,True
SITE_024,2025-02-09,45.171136091268046,33.23984837415628,53.17592,49.0976413205463,0.0,0.0,290,0.0,True,True
SITE_024,2025-02-10,45.171136091268046,33.23984837415628,53.17592,49.0976413205463,0.0,0.0,290,0.0,True,True
SITE_024,2025-02-11,45.171136091268046,33.23984837415628,53.17592,49.0976413205463,0.0,0.0,290,0.0,True,True
SITE_024,2025-02-12,45.171136091268046,33.23984837415628,53.17592,49.0976413205463,0.0,0.0,290,0.0,True,True
SITE_024,2025-02-13,45.171136091268046,33.23984837415628,53.17592,49.0976413205463,0.0,0.0,290,0.0,True,True
SITE_024,2025-02-14,45.171136091268046,33.23984837415628,53.17592,49.0976413205463,0.0,0.0,290,0.0,True,True
SITE_024,2025-02-15,45.171136091268046,33.23984837415628,53.17592,49.0976413205463,0.0,0.0,290,0.0,True,True
SITE_024,2025-02-16,45.171136091268046,33.23984837415628,53.17592,49.0976413205463,0.0,0.0,290,0.0,True,True
SITE_024,2025-02-17,45.171136091268046,33.23984837415628,53.17592,49.0976413205463,0.0,0.0,290,0.0,True,True
SITE_024,2025-02-18,45.171136091268046,33.23984837415628,53.17592,49.0976413205463,0.0,0.0,290,0.0,True,True
SITE_024,2025-02-19,45.171136091268046,33.23984837415628,53.17592,49.0976413205463,0.0,0.0,290,0.0,True,True
SITE_024,2025-02-20,45.171136091268046,33.23984837415628,53.17592,49.0976413205463,0.0,0.0,290,0.0,True,True
SITE_024,2025-02-21,45.171136091268046,33.23984837415628,53.17592,49.0976413205463,0.0,0.0,290,0.0,True,True
SITE_024,2025-02-22,45.171136091268046,33.23984837415628,53.17592,49.0976413205463,0.0,0.0,290,0.0,True,True
SITE_024,2025-02-23,45.171136091268046,33.23984837415628,53.17592,49.0976413205463,0.0,0.0,290,0.0,True,True
SITE_024,2025-02-24,45.171136091268046,33.23984837415628,53.17592,49.0976413205463,0.0,0.0,290,0.0,True,True
SITE_024,2025-02-25,45.171136091268046,33.23984837415628,53.17592,49.0976413205463,0.0,0.0,290,0.0,True,True
SITE_025,2025-01-01,26.9839414592294,27.87791086314246,25.216633,27.857280671528137,0.0,0.0,261,0.0,True,True
SITE_025,2025-01-02,27.13500982443075,28.331115958746523,25.216633,27.857280671528137,0.0,0.0,261,0.0,True,True
SITE_025,2025-01-03,27.1576211085936,28.39894981123507,25.216633,27.857280671528137,0.0,0.0,261,0.0,True,True
SITE_025,2025-01-04,27.161005471499816,28.409102899953723,25.216633,27.857280671528137,0.0,0.0,261,0.0,True,True
SITE_025,2025-01-05,27.1615120288688,28.410622572060674,25.216633,27.857280671528137,0.0,0.0,261,0.0,True,True
SITE_025,2025-01-06,27.16158784830526,28.410850030370057,25.216633,27.857280671528137,0.0,0.0,261,0.0,True,True
SITE_025,2025-01-07,27.161599196626053,28.410884075332437,25.216633,27.857280671528137,0.0,0.0,261,0.0,True,True
SITE_025,2025-01-08,27.161600895203208,28.4108891710639,25.216633,27.857280671528137,0.0,0.0,261,0.0,True,True
SITE_025,2025-01-09,27.16160114945427,28.41088993381709,25.216633,27.857280671528137,0.0,0.0,261,0.0,True,True
SITE_025,2025-01-10,27.161601187483274,28.410890047904104,25.216633,27.857280671528137,0.0,0.0,261,0.0,True,True
SITE_025,2025-01-11,27.16160119322643,28.41089006513357,25.216633,27.857280671528137,0.0,0.0,261,0.0,True,True
SITE_025,2025-01-12,27.16160119400253,28.41089006746188,25.216633,27.857280671528137,0.0,0.0,261,0.0,True,True
SITE_025,2025-01-13,27.161601194157758,28.41089006792754,25.216633,27.857280671528137,0.0,0.0,261,0.0,True,True
SITE_025,2025-01-14,27.161601194157758,28.41089006792754,25.216633,27.857280671528137,0.0,0.0,261,0.0,True,True
SITE_025,2025-01-15,27.161601194157758,28.41089006792754,25.216633,27.857280671528137,0.0,0.0,261,0.0,True,True
SITE_025,2025-01-16,27.161601194157758,28.41089006792754,25.216633,27.857280671528137,0.0,0.0,261,0.0,True,True
SITE_025,2025-01-17,27.161601194157758,28.41089006792754,25.216633,27.857280671528137,0.0,0.0,261,0.0,True,True
SITE_025,2025-01-18,27.161601194157758,28.41089006792754,25.216633,27.857280671528137,0.0,0.0,261,0.0,True,True
SITE_025,2025-01-19,27.161601194157758,28.41089006792754,25.216633,27.857280671528137,0.0,0.0,261,0.0,True,True
SITE_025,2025-01-20,27.161601194157758,28.41089006792754,25.216633,27.857280671528137,0.0,0.0,261,0.0,True,True
SITE_025,2025-01-21,27.161601194157758,28.41089006792754,25.216633,27.857280671528137,0.0,0.0,261,0.0,True,True
SITE_025,2025-01-22,27.161601194157758,28.41089006792754,25.216633,27.857280671528137,0.0,0.0,261,0.0,True,True
SITE_025,2025-01-23,27.161601194157758,28.41089006792754,25.216633,27.857280671528137,0.0,0.0,261,0.0,True,True
SITE_025,2025-01-24,27.161601194157758,28.41089006792754,25.216633,27.857280671528137,0.0,0.0,261,0.0,True,True
SITE_025,2025-01-25,27.161601194157758,28.41089006792754,25.216633,27.857280671528137,0.0,0.0,261,0.0,True,True
SITE_025,2025-01-26,27.161601194157758,28.41089006792754,25.216633,27.857280671528137,0.0,0.0,261,0.0,True,True
SITE_025,2025-01-27,27.161601194157758,28.41089006792754,25.216633,27.857280671528137,0.0,0.0,261,0.0,True,True
SITE_025,2025-01-28,27.161601194157758,28.41089006792754,25.216633,27.857280671528137,0.0,0.0,261,0.0,True,True
SITE_025,2025-01-29,27.161601194157758,28.41089006792754,25.216633,27.857280671528137,0.0,0.0,261,0.0,True,True
SITE_025,2025-01-30,27.161601194157758,28.41089006792754,25.216633,27.857280671528137,0.0,0.0,261,0.0,True,True
SITE_025,2025-01-31,27.161601194157758,28.41089006792754,25.216633,27.857280671528137,0.0,0.0,261,0.0,True,True
SITE_025,2025-02-01,27.161601194157758,28.41089006792754,25.216633,27.857280671528137,0.0,0.0,261,0.0,True,True
SITE_025,2025-02-02,27.161601194157758,28.41089006792754,25.216633,27.857280671528137,0.0,0.0,261,0.0,True,True
SITE_025,2025-02-03,27.161601194157758,28.41089006792754,25.216633,27.857280671528137,0.0,0.0,261,0.0,True,True
SITE_025,2025-02-04,27.161601194157758,28.41089006792754,25.216633,27.857280671528137,0.0,0.0,261,0.0,True,True
SITE_025,2025-02-05,27.161601194157758,28.41089006792754,25.216633,27.857280671528137,0.0,0.0,261,0.0,True,True
SITE_025,2025-02-06,27.161601194157758,28.41089006792754,25.216633,27.857280671528137,0.0,0.0,261,0.0,True,True
SITE_025,2025-02-07,27.161601194157758,28.41089006792754,25.216633,27.857280671528137,0.0,0.0,261,0.0,True,True
SITE_025,2025-02-08,27.161601194157758,28.41089006792754,25.216633,27.857280671528137,0.0,0.0,261,0.0,True,True
SITE_025,2025-02-09,27.161601194157758,28.41089006792754,25.216633,27.857280671528137,0.0,0.0,261,0.0,True,True
SITE_025,2025-02-10,27.161601194157758,28.41089006792754,25.216633,27.857280671528137,0.0,0.0,261,0.0,True,True
SITE_025,2025-02-11,27.161601194157758,28.41089006792754,25.216633,27.857280671528137,0.0,0.0,261,0.0,True,True
SITE_025,2025-02-12,27.161601194157758,28.41089006792754,25.216633,27.857280671528137,0.0,0.0,261,0.0,True,True
SITE_025,2025-02-13,27.161601194157758,28.41089006792754,25.216633,27.857280671528137,0.0,0.0,261,0.0,True,True
SITE_025,2025-02-14,27.161601194157758,28.41089006792754,25.216633,27.857280671528137,0.0,0.0,261,0.0,True,True
SITE_025,2025-02-15,27.161601194157758,28.41089006792754,25.216633,27.857280671528137,0.0,0.0,261,0.0,True,True
SITE_025,2025-02-16,27.161601194157758,28.41089006792754,25.216633,27.857280671528137,0.0,0.0,261,0.0,True,True
SITE_025,2025-02-17,27.161601194157758,28.41089006792754,25.216633,27.857280671528137,0.0,0.0,261,0.0,True,True
SITE_025,2025-02-18,27.161601194157758,28.41089006792754,25.216633,27.857280671528137,0.0,0.0,261,0.0,True,True
SITE_025,2025-02-19,27.161601194157758,28.41089006792754,25.216633,27.857280671528137,0.0,0.0,261,0.0,True,True
SITE_025,2025-02-20,27.161601194157758,28.41089006792754,25.216633,27.857280671528137,0.0,0.0,261,0.0,True,True
SITE_025,2025-02-21,27.161601194157758,28.41089006792754,25.216633,27.857280671528137,0.0,0.0,261,0.0,True,True
SITE_025,2025-02-22,27.161601194157758,28.41089006792754,25.216633,27.857280671528137,0.0,0.0,261,0.0,True,True
SITE_025,2025-02-23,27.161601194157758,28.41089006792754,25.216633,27.857280671528137,0.0,0.0,261,0.0,True,True
SITE_025,2025-02-24,27.161601194157758,28.41089006792754,25.216633,27.857280671528137,0.0,0.0,261,0.0,True,True
SITE_025,2025-02-25,27.161601194157758,28.41089006792754,25.216633,27.857280671528137,0.0,0.0,261,0.0,True,True
SITE_026,2025-01-01,30.690778319079413,22.637941122055054,35.40794,34.02645392429451,178.63,147.93922168092058,369,0.0,False,False
SITE_026,2025-01-02,30.68770041469607,22.62870740890503,35.40794,34.02645392429451,147.93922168092058,117.25152126622451,369,0.0,False,False
SITE_026,2025-01-03,30.68769846761101,22.62870156764984,35.40794,34.02645392429451,117.25152126622451,86.5638227986135,369,0.0,True,False
SITE_026,2025-01-04,30.68769846761101,22.62870156764984,35.40794,34.02645392429451,86.5638227986135,55.87612433100249,369,0.0,True,False
SITE_026,2025-01-05,30.68769846761101,22.62870156764984,35.40794,34.02645392429451,55.87612433100249,25.188425863391476,369,0.0,True,False
SITE_026,2025-01-06,30.68769846761101,22.62870156764984,35.40794,34.02645392429451,25.188425863391476,0.0,369,0.0,True,True
SITE_026,2025-01-07,30.68769846761101,22.62870156764984,35.40794,34.02645392429451,0.0,0.0,369,0.0,True,True
SITE_026,2025-01-08,30.68769846761101,22.62870156764984,35.40794,34.02645392429451,0.0,0.0,369,0.0,True,True
SITE_026,2025-01-09,30.68769846761101,22.62870156764984,35.40794,34.02645392429451,0.0,0.0,369,0.0,True,True
SITE_026,2025-01-10,30.68769846761101,22.62870156764984,35.40794,34.02645392429451,0.0,0.0,369,0.0,True,True
SITE_026,2025-01-11,30.68769846761101,22.62870156764984,35.40794,34.02645392429451,0.0,0.0,369,0.0,True,True
SITE_026,2025-01-12,30.68769846761101,22.62870156764984,35.40794,34.02645392429451,0.0,0.0,369,0.0,True,True
SITE_026,2025-01-13,30.68769846761101,22.62870156764984,35.40794,34.02645392429451,0.0,0.0,369,0.0,True,True
SITE_026,2025-01-14,30.68769846761101,22.62870156764984,35.40794,34.02645392429451,0.0,0.0,369,0.0,True,True
SITE_026,2025-01-15,30.68769846761101,22.62870156764984,35.40794,34.02645392429451,0.0,0.0,369,0.0,True,True
SITE_026,2025-01-16,30.68769846761101,22.62870156764984,35.40794,34.02645392429451,0.0,0.0,369,0.0,True,True
SITE_026,2025-01-17,30.68769846761101,22.62870156764984,35.40794,34.02645392429451,0.0,0.0,369,0.0,True,True
SITE_026,2025-01-18,30.68769846761101,22.62870156764984,35.40794,34.02645392429451,0.0,0.0,369,0.0,True,True
SITE_026,2025-01-19,30.68769846761101,22.62870156764984,35.40794,34.02645392429451,0.0,0.0,369,0.0,True,True
SITE_026,2025-01-20,30.68769846761101,22.62870156764984,35.40794,34.02645392429451,0.0,0.0,369,0.0,True,True
SITE_026,2025-01-21,30.68769846761101,22.62870156764984,35.40794,34.02645392429451,0.0,0.0,369,0.0,True,True
SITE_026,2025-01-22,30.68769846761101,22.62870156764984,35.40794,34.02645392429451,0.0,0.0,369,0.0,True,True
SITE_026,2025-01-23,30.68769846761101,22.62870156764984,35.40794,34.02645392429451,0.0,0.0,369,0.0,True,True
SITE_026,2025-01-24,30.68769846761101,22.62870156764984,35.40794,34.02645392429451,0.0,0.0,369,0.0,True,True
SITE_026,2025-01-25,30.68769846761101,22.62870156764984,35.40794,34.02645392429451,0.0,0.0,369,0.0,True,True
SITE_026,2025-01-26,30.68769846761101,22.62870156764984,35.40794,34.02645392429451,0.0,0.0,369,0.0,True,True
SITE_026,2025-01-27,30.68769846761101,22.62870156764984,35.40794,34.02645392429451,0.0,0.0,369,0.0,True,True
SITE_026,2025-01-28,30.68769846761101,22.62870156764984,35.40794,34.02645392429451,0.0,0.0,369,0.0,True,True
SITE_026,2025-01-29,30.68769846761101,22.62870156764984,35.40794,34.02645392429451,0.0,0.0,369,0.0,True,True
SITE_026,2025-01-30,30.68769846761101,22.62870156764984,35.40794,34.02645392429451,0.0,0.0,369,0.0,True,True
SITE_026,2025-01-31,30.68769846761101,22.62870156764984,35.40794,34.02645392429451,0.0,0.0,369,0.0,True,True
SITE_026,2025-02-01,30.68769846761101,22.62870156764984,35.40794,34.02645392429451,0.0,0.0,369,0.0,True,True
SITE_026,2025-02-02,30.68769846761101,22.62870156764984,35.40794,34.02645392429451,0.0,0.0,369,0.0,True,True
SITE_026,2025-02-03,30.68769846761101,22.62870156764984,35.40794,34.02645392429451,0.0,0.0,369,0.0,True,True
SITE_026,2025-02-04,30.68769846761101,22.62870156764984,35.40794,34.02645392429451,0.0,0.0,369,0.0,True,True
SITE_026,2025-02-05,30.68769846761101,22.62870156764984,35.40794,34.02645392429451,0.0,0.0,369,0.0,True,True
SITE_026,2025-02-06,30.68769846761101,22.62870156764984,35.40794,34.02645392429451,0.0,0.0,369,0.0,True,True
SITE_026,2025-02-07,30.68769846761101,22.62870156764984,35.40794,34.02645392429451,0.0,0.0,369,0.0,True,True
SITE_026,2025-02-08,30.68769846761101,22.62870156764984,35.40794,34.02645392429451,0.0,0.0,369,0.0,True,True
SITE_026,2025-02-09,30.68769846761101,22.62870156764984,35.40794,34.02645392429451,0.0,0.0,369,0.0,True,True
SITE_026,2025-02-10,30.68769846761101,22.62870156764984,35.40794,34.02645392429451,0.0,0.0,369,0.0,True,True
SITE_026,2025-02-11,30.68769846761101,22.62870156764984,35.40794,34.02645392429451,0.0,0.0,369,0.0,True,True
SITE_026,2025-02-12,30.68769846761101,22.62870156764984,35.40794,34.02645392429451,0.0,0.0,369,0.0,True,True
SITE_026,2025-02-13,30.68769846761101,22.62870156764984,35.40794,34.02645392429451,0.0,0.0,369,0.0,True,True
SITE_026,2025-02-14,30.68769846761101,22.62870156764984,35.40794,34.02645392429451,0.0,0.0,369,0.0,True,True
SITE_026,2025-02-15,30.68769846761101,22.62870156764984,35.40794,34.02645392429451,0.0,0.0,369,0.0,True,True
SITE_026,2025-02-16,30.68769846761101,22.62870156764984,35.40794,34.02645392429451,0.0,0.0,369,0.0,True,True
SITE_026,2025-02-17,30.68769846761101,22.62870156764984,35.40794,34.02645392429451,0.0,0.0,369,0.0,True,True
SITE_026,2025-02-18,30.68769846761101,22.62870156764984,35.40794,34.02645392429451,0.0,0.0,369,0.0,True,True
SITE_026,2025-02-19,30.68769846761101,22.62870156764984,35.40794,34.02645392429451,0.0,0.0,369,0.0,True,True
SITE_026,2025-02-20,30.68769846761101,22.62870156764984,35.40794,34.02645392429451,0.0,0.0,369,0.0,True,True
SITE_026,2025-02-21,30.68769846761101,22.62870156764984,35.40794,34.02645392429451,0.0,0.0,369,0.0,True,True
SITE_026,2025-02-22,30.68769846761101,22.62870156764984,35.40794,34.02645392429451,0.0,0.0,369,0.0,True,True
SITE_026,2025-02-23,30.68769846761101,22.62870156764984,35.40794,34.02645392429451,0.0,0.0,369,0.0,True,True
SITE_026,2025-02-24,30.68769846761101,22.62870156764984,35.40794,34.02645392429451,0.0,0.0,369,0.0,True,True
SITE_026,2025-02-25,30.68769846761101,22.62870156764984,35.40794,34.02645392429451,0.0,0.0,369,0.0,True,True
SITE_027,2025-01-01,10.295854789790276,9.27076717466116,10.931056,10.685741172065626,20022.3,314.0,314,0.0,False,False
SITE_027,2025-01-02,10.296724461293978,9.273376189172268,10.931056,10.685741172065626,314.0,303.703275538706,314,0.0,False,False
SITE_027,2025-01-03,10.296723226981127,9.273372486233711,10.931056,10.685741172065626,303.703275538706,293.4065523117249,314,0.0,False,False
SITE_027,2025-01-04,10.296723229464654,9.273372493684292,10.931056,10.685741172065626,293.4065523117249,283.10982908226026,314,0.0,False,False
SITE_027,2025-01-05,10.296723229464654,9.273372493684292,10.931056,10.685741172065626,283.10982908226026,272.8131058527956,314,0.0,False,False
SITE_027,2025-01-06,10.296723229464654,9.273372493684292,10.931056,10.685741172065626,272.8131058527956,262.51638262333097,314,0.0,False,False
SITE_027,2025-01-07,10.296723229464654,9.273372493684292,10.931056,10.685741172065626,262.51638262333097,252.21965939386632,314,0.0,False,False
SITE_027,2025-01-08,10.296723229464654,9.273372493684292,10.931056,10.685741172065626,252.21965939386632,241.92293616440168,314,0.0,False,False
SITE_027,2025-01-09,10.296723229464654,9.273372493684292,10.931056,10.685741172065626,241.92293616440168,231.62621293493703,314,0.0,False,False
SITE_027,2025-01-10,10.296723229464654,9.273372493684292,10.931056,10.685741172065626,231.62621293493703,221.32948970547238,314,0.0,False,False
SITE_027,2025-01-11,10.296723229464654,9.273372493684292,10.931056,10.685741172065626,221.32948970547238,211.03276647600774,314,0.0,False,False
SITE_027,2025-01-12,10.296723229464654,9.273372493684292,10.931056,10.685741172065626,211.03276647600774,200.7360432465431,314,0.0,False,False
SITE_027,2025-01-13,10.296723229464654,9.273372493684292,10.931056,10.685741172065626,200.7360432465431,190.43932001707844,314,0.0,False,False
SITE_027,2025-01-14,10.296723229464654,9.273372493684292,10.931056,10.685741172065626,190.43932001707844,180.1425967876138,314,0.0,False,False
SITE_027,2025-01-15,10.296723229464654,9.273372493684292,10.931056,10.685741172065626,180.1425967876138,169.84587355814915,314,0.0,False,False
SITE_027,2025-01-16,10.296723229464654,9.273372493684292,10.931056,10.685741172065626,169.84587355814915,159.5491503286845,314,0.0,False,False
SITE_027,2025-01-17,10.296723229464654,9.273372493684292,10.931056,10.685741172065626,159.5491503286845,149.25242709921986,314,0.0,False,False
SITE_027,2025-01-18,10.296723229464654,9.273372493684292,10.931056,10.685741172065626,149.25242709921986,138.9557038697552,314,0.0,False,False
SITE_027,2025-01-19,10.296723229464654,9.273372493684292,10.931056,10.685741172065626,138.9557038697552,128.65898064029057,314,0.0,False,False
SITE_027,2025-01-20,10.296723229464654,9.273372493684292,10.931056,10.685741172065626,128.65898064029057,118.36225741082592,314,0.0,False,False
SITE_027,2025-01-21,10.296723229464654,9.273372493684292,10.931056,10.685741172065626,118.36225741082592,108.06553418136127,314,0.0,False,False
SITE_027,2025-01-22,10.296723229464654,9.273372493684292,10.931056,10.685741172065626,108.06553418136127,97.76881095189663,314,0.0,False,False
SITE_027,2025-01-23,10.296723229464654,9.273372493684292,10.931056,10.685741172065626,97.76881095189663,87.47208772243198,314,0.0,False,False
SITE_027,2025-01-24,10.296723229464654,9.273372493684292,10.931056,10.685741172065626,87.47208772243198,77.17536449296733,314,0.0,True,False
SITE_027,2025-01-25,10.296723229464654,9.273372493684292,10.931056,10.685741172065626,77.17536449296733,66.87864126350269,314,0.0,True,False
SITE_027,2025-01-26,10.296723229464654,9.273372493684292,10.931056,10.685741172065626,66.87864126350269,56.58191803403803,314,0.0,True,False
SITE_027,2025-01-27,10.296723229464654,9.273372493684292,10.931056,10.685741172065626,56.58191803403803,46.28519480457338,314,0.0,True,False
SITE_027,2025-01-28,10.296723229464654,9.273372493684292,10.931056,10.685741172065626,46.28519480457338,35.988471575108726,314,0.0,True,False
SITE_027,2025-01-29,10.296723229464654,9.273372493684292,10.931056,10.685741172065626,35.988471575108726,25.691748345644072,314,0.0,True,False
SITE_027,2025-01-30,10.296723229464654,9.273372493684292,10.931056,10.685741172065626,25.691748345644072,15.395025116179418,314,0.0,True,False
SITE_027,2025-01-31,10.296723229464654,9.273372493684292,10.931056,10.685741172065626,15.395025116179418,5.098301886714765,314,0.0,True,False
SITE_027,2025-02-01,10.296723229464654,9.273372493684292,10.931056,10.685741172065626,5.098301886714765,0.0,314,0.0,True,True
SITE_027,2025-02-02,10.296723229464654,9.273372493684292,10.931056,10.685741172065626,0.0,0.0,314,0.0,True,True
SITE_027,2025-02-03,10.296723229464654,9.273372493684292,10.931056,10.685741172065626,0.0,0.0,314,0.0,True,True
SITE_027,2025-02-04,10.296723229464654,9.273372493684292,10.931056,10.685741172065626,0.0,0.0,314,0.0,True,True
SITE_027,2025-02-05,10.296723229464654,9.273372493684292,10.931056,10.685741172065626,0.0,0.0,314,0.0,True,True
SITE_027,2025-02-06,10.296723229464654,9.273372493684292,10.931056,10.685741172065626,0.0,0.0,314,0.0,True,True
SITE_027,2025-02-07,10.296723229464654,9.273372493684292,10.931056,10.685741172065626,0.0,0.0,314,0.0,True,True
SITE_027,2025-02-08,10.296723229464654,9.273372493684292,10.931056,10.685741172065626,0.0,0.0,314,0.0,True,True
SITE_027,2025-02-09,10.296723229464654,9.273372493684292,10.931056,10.685741172065626,0.0,0.0,314,0.0,True,True
SITE_027,2025-02-10,10.296723229464654,9.273372493684292,10.931056,10.685741172065626,0.0,0.0,314,0.0,True,True
SITE_027,2025-02-11,10.296723229464654,9.273372493684292,10.931056,10.685741172065626,0.0,0.0,314,0.0,True,True
SITE_027,2025-02-12,10.296723229464654,9.273372493684292,10.931056,10.685741172065626,0.0,0.0,314,0.0,True,True
SITE_027,2025-02-13,10.296723229464654,9.273372493684292,10.931056,10.685741172065626,0.0,0.0,314,0.0,True,True
SITE_027,2025-02-14,10.296723229464654,9.273372493684292,10.931056,10.685741172065626,0.0,0.0,314,0.0,True,True
SITE_027,2025-02-15,10.296723229464654,9.273372493684292,10.931056,10.685741172065626,0.0,0.0,314,0.0,True,True
SITE_027,2025-02-16,10.296723229464654,9.273372493684292,10.931056,10.685741172065626,0.0,0.0,314,0.0,True,True
SITE_027,2025-02-17,10.296723229464654,9.273372493684292,10.931056,10.685741172065626,0.0,0.0,314,0.0,True,True
SITE_027,2025-02-18,10.296723229464654,9.273372493684292,10.931056,10.685741172065626,0.0,0.0,314,0.0,True,True
SITE_027,2025-02-19,10.296723229464654,9.273372493684292,10.931056,10.685741172065626,0.0,0.0,314,0.0,True,True
SITE_027,2025-02-20,10.296723229464654,9.273372493684292,10.931056,10.685741172065626,0.0,0.0,314,0.0,True,True
SITE_027,2025-02-21,10.296723229464654,9.273372493684292,10.931056,10.685741172065626,0.0,0.0,314,0.0,True,True
SITE_027,2025-02-22,10.296723229464654,9.273372493684292,10.931056,10.685741172065626,0.0,0.0,314,0.0,True,True
SITE_027,2025-02-23,10.296723229464654,9.273372493684292,10.931056,10.685741172065626,0.0,0.0,314,0.0,True,True
SITE_027,2025-02-24,10.296723229464654,9.273372493684292,10.931056,10.685741172065626,0.0,0.0,314,0.0,True,True
SITE_027,2025-02-25,10.296723229464654,9.273372493684292,10.931056,10.685741172065626,0.0,0.0,314,0.0,True,True
SITE_028,2025-01-01,32.16198275962086,31.32818016409874,33.699615,31.45815263624821,484.73,395.0,395,0.0,False,False
SITE_028,2025-01-02,32.161310051665815,31.32616204023361,33.699615,31.45815263624821,395.0,362.8386899483342,395,0.0,False,False
SITE_028,2025-01-03,32.16130957482866,31.326160609722137,33.699615,31.45815263624821,362.8386899483342,330.67738037350557,395,0.0,False,False
SITE_028,2025-01-04,32.16130957482866,31.326160609722137,33.699615,31.45815263624821,330.67738037350557,298.51607079867694,395,0.0,False,False
SITE_028,2025-01-05,32.16130957482866,31.326160609722137,33.699615,31.45815263624821,298.51607079867694,266.3547612238483,395,0.0,False,False
SITE_028,2025-01-06,32.16130957482866,31.326160609722137,33.699615,31.45815263624821,266.3547612238483,234.19345164901964,395,0.0,False,False
SITE_028,2025-01-07,32.16130957482866,31.326160609722137,33.699615,31.45815263624821,234.19345164901964,202.03214207419097,395,0.0,False,False
SITE_028,2025-01-08,32.16130957482866,31.326160609722137,33.699615,31.45815263624821,202.03214207419097,169.8708324993623,395,0.0,False,False
SITE_028,2025-01-09,32.16130957482866,31.326160609722137,33.699615,31.45815263624821,169.8708324993623,137.70952292453364,395,0.0,False,False
SITE_028,2025-01-10,32.16130957482866,31.326160609722137,33.699615,31.45815263624821,137.70952292453364,105.54821334970498,395,0.0,False,False
SITE_028,2025-01-11,32.16130957482866,31.326160609722137,33.699615,31.45815263624821,105.54821334970498,73.38690377487632,395,0.0,True,False
SITE_028,2025-01-12,32.16130957482866,31.326160609722137,33.699615,31.45815263624821,73.38690377487632,41.22559420004766,395,0.0,True,False
SITE_028,2025-01-13,32.16130957482866,31.326160609722137,33.699615,31.45815263624821,41.22559420004766,9.064284625219003,395,0.0,True,False
SITE_028,2025-01-14,32.16130957482866,31.326160609722137,33.699615,31.45815263624821,9.064284625219003,0.0,395,0.0,True,True
SITE_028,2025-01-15,32.16130957482866,31.326160609722137,33.699615,31.45815263624821,0.0,0.0,395,0.0,True,True
SITE_028,2025-01-16,32.16130957482866,31.326160609722137,33.699615,31.45815263624821,0.0,0.0,395,0.0,True,True
SITE_028,2025-01-17,32.16130957482866,31.326160609722137,33.699615,31.45815263624821,0.0,0.0,395,0.0,True,True
SITE_028,2025-01-18,32.16130957482866,31.326160609722137,33.699615,31.45815263624821,0.0,0.0,395,0.0,True,True
SITE_028,2025-01-19,32.16130957482866,31.326160609722137,33.699615,31.45815263624821,0.0,0.0,395,0.0,True,True
SITE_028,2025-01-20,32.16130957482866,31.326160609722137,33.699615,31.45815263624821,0.0,0.0,395,0.0,True,True
SITE_028,2025-01-21,32.16130957482866,31.326160609722137,33.699615,31.45815263624821,0.0,0.0,395,0.0,True,True
SITE_028,2025-01-22,32.16130957482866,31.326160609722137,33.699615,31.45815263624821,0.0,0.0,395,0.0,True,True
SITE_028,2025-01-23,32.16130957482866,31.326160609722137,33.699615,31.45815263624821,0.0,0.0,395,0.0,True,True
SITE_028,2025-01-24,32.16130957482866,31.326160609722137,33.699615,31.45815263624821,0.0,0.0,395,0.0,True,True
SITE_028,2025-01-25,32.16130957482866,31.326160609722137,33.699615,31.45815263624821,0.0,0.0,395,0.0,True,True
SITE_028,2025-01-26,32.16130957482866,31.326160609722137,33.699615,31.45815263624821,0.0,0.0,395,0.0,True,True
SITE_028,2025-01-27,32.16130957482866,31.326160609722137,33.699615,31.45815263624821,0.0,0.0,395,0.0,True,True
SITE_028,2025-01-28,32.16130957482866,31.326160609722137,33.699615,31.45815263624821,0.0,0.0,395,0.0,True,True
SITE_028,2025-01-29,32.16130957482866,31.326160609722137,33.699615,31.45815263624821,0.0,0.0,395,0.0,True,True
SITE_028,2025-01-30,32.16130957482866,31.326160609722137,33.699615,31.45815263624821,0.0,0.0,395,0.0,True,True
SITE_028,2025-01-31,32.16130957482866,31.326160609722137,33.699615,31.45815263624821,0.0,0.0,395,0.0,True,True
SITE_028,2025-02-01,32.16130957482866,31.326160609722137,33.699615,31.45815263624821,0.0,0.0,395,0.0,True,True
SITE_028,2025-02-02,32.16130957482866,31.326160609722137,33.699615,31.45815263624821,0.0,0.0,395,0.0,True,True
SITE_028,2025-02-03,32.16130957482866,31.326160609722137,33.699615,31.45815263624821,0.0,0.0,395,0.0,True,True
SITE_028,2025-02-04,32.16130957482866,31.326160609722137,33.699615,31.45815263624821,0.0,0.0,395,0.0,True,True
SITE_028,2025-02-05,32.16130957482866,31.326160609722137,33.699615,31.45815263624821,0.0,0.0,395,0.0,True,True
SITE_028,2025-02-06,32.16130957482866,31.326160609722137,33.699615,31.45815263624821,0.0,0.0,395,0.0,True,True
SITE_028,2025-02-07,32.16130957482866,31.326160609722137,33.699615,31.45815263624821,0.0,0.0,395,0.0,True,True
SITE_028,2025-02-08,32.16130957482866,31.326160609722137,33.699615,31.45815263624821,0.0,0.0,395,0.0,True,True
SITE_028,2025-02-09,32.16130957482866,31.326160609722137,33.699615,31.45815263624821,0.0,0.0,395,0.0,True,True
SITE_028,2025-02-10,32.16130957482866,31.326160609722137,33.699615,31.45815263624821,0.0,0.0,395,0.0,True,True
SITE_028,2025-02-11,32.16130957482866,31.326160609722137,33.699615,31.45815263624821,0.0,0.0,395,0.0,True,True
SITE_028,2025-02-12,32.16130957482866,31.326160609722137,33.699615,31.45815263624821,0.0,0.0,395,0.0,True,True
SITE_028,2025-02-13,32.16130957482866,31.326160609722137,33.699615,31.45815263624821,0.0,0.0,395,0.0,True,True
SITE_028,2025-02-14,32.16130957482866,31.326160609722137,33.699615,31.45815263624821,0.0,0.0,395,0.0,True,True
SITE_028,2025-02-15,32.16130957482866,31.326160609722137,33.699615,31.45815263624821,0.0,0.0,395,0.0,True,True
SITE_028,2025-02-16,32.16130957482866,31.326160609722137,33.699615,31.45815263624821,0.0,0.0,395,0.0,True,True
SITE_028,2025-02-17,32.16130957482866,31.326160609722137,33.699615,31.45815263624821,0.0,0.0,395,0.0,True,True
SITE_028,2025-02-18,32.16130957482866,31.326160609722137,33.699615,31.45815263624821,0.0,0.0,395,0.0,True,True
SITE_028,2025-02-19,32.16130957482866,31.326160609722137,33.699615,31.45815263624821,0.0,0.0,395,0.0,True,True
SITE_028,2025-02-20,32.16130957482866,31.326160609722137,33.699615,31.45815263624821,0.0,0.0,395,0.0,True,True
SITE_028,2025-02-21,32.16130957482866,31.326160609722137,33.699615,31.45815263624821,0.0,0.0,395,0.0,True,True
SITE_028,2025-02-22,32.16130957482866,31.326160609722137,33.699615,31.45815263624821,0.0,0.0,395,0.0,True,True
SITE_028,2025-02-23,32.16130957482866,31.326160609722137,33.699615,31.45815263624821,0.0,0.0,395,0.0,True,True
SITE_028,2025-02-24,32.16130957482866,31.326160609722137,33.699615,31.45815263624821,0.0,0.0,395,0.0,True,True
SITE_028,2025-02-25,32.16130957482866,31.326160609722137,33.699615,31.45815263624821,0.0,0.0,395,0.0,True,True
SITE_029,2025-01-01,6.44195547796799,3.775441047968343,6.9578,8.592625474436604,20472.1,437.0,437,0.0,False,False
SITE_029,2025-01-02,6.305910291148791,3.367305487510748,6.9578,8.592625474436604,437.0,430.6940897088512,437,0.0,False,False
SITE_029,2025-01-03,6.287850829810036,3.3131271034944803,6.9578,8.592625474436604,430.6940897088512,424.40623887904115,437,0.0,False,False
SITE_029,2025-01-04,6.285453507636494,3.305935136973858,6.9578,8.592625474436604,424.40623887904115,418.1207853714047,437,0.0,False,False
SITE_029,2025-01-05,6.285135272578468,3.304980431799777,6.9578,8.592625474436604,418.1207853714047,411.8356500988262,437,0.0,False,False
SITE_029,2025-01-06,6.285093028135729,3.304853698471561,6.9578,8.592625474436604,411.8356500988262,405.55055707069045,437,0.0,False,False
SITE_029,2025-01-07,6.285087420370871,3.3048368751769885,6.9578,8.592625474436604,405.55055707069045,399.2654696503196,437,0.0,False,False
SITE_029,2025-01-08,6.285086675972498,3.30483464198187,6.9578,8.592625474436604,399.2654696503196,392.9803829743471,437,0.0,False,False
SITE_029,2025-01-09,6.28508657713589,3.304834345472045,6.9578,8.592625474436604,392.9803829743471,386.6952963972112,437,0.0,False,False
SITE_029,2025-01-10,6.285086564019764,3.3048343061236665,6.9578,8.592625474436604,386.6952963972112,380.41020983319146,437,0.0,False,False
SITE_029,2025-01-11,6.285086562273534,3.304834300884977,6.9578,8.592625474436604,380.41020983319146,374.1251232709179,437,0.0,False,False
SITE_029,2025-01-12,6.285086562040704,3.304834300186485,6.9578,8.592625474436604,374.1251232709179,367.8400367088772,437,0.0,False,False
SITE_029,2025-01-13,6.285086562001898,3.3048343000700697,6.9578,8.592625474436604,367.8400367088772,361.55495014687534,437,0.0,False,False
SITE_029,2025-01-14,6.285086562001898,3.3048343000700697,6.9578,8.592625474436604,361.55495014687534,355.26986358487346,437,0.0,False,False
SITE_029,2025-01-15,6.285086562001898,3.3048343000700697,6.9578,8.592625474436604,355.26986358487346,348.9847770228716,437,0.0,False,False
SITE_029,2025-01-16,6.285086562001898,3.3048343000700697,6.9578,8.592625474436604,348.9847770228716,342.6996904608697,437,0.0,False,False
SITE_029,2025-01-17,6.285086562001898,3.3048343000700697,6.9578,8.592625474436604,342.6996904608697,336.4146038988678,437,0.0,False,False
SITE_029,2025-01-18,6.285086562001898,3.3048343000700697,6.9578,8.592625474436604,336.4146038988678,330.12951733686594,437,0.0,False,False
SITE_029,2025-01-19,6.285086562001898,3.3048343000700697,6.9578,8.592625474436604,330.12951733686594,323.84443077486407,437,0.0,False,False
SITE_029,2025-01-20,6.285086562001898,3.3048343000700697,6.9578,8.592625474436604,323.84443077486407,317.5593442128622,437,0.0,False,False
SITE_029,2025-01-21,6.285086562001898,3.3048343000700697,6.9578,8.592625474436604,317.5593442128622,311.2742576508603,437,0.0,False,False
SITE_029,2025-01-22,6.285086562001898,3.3048343000700697,6.9578,8.592625474436604,311.2742576508603,304.9891710888584,437,0.0,False,False
SITE_029,2025-01-23,6.285086562001898,3.3048343000700697,6.9578,8.592625474436604,304.9891710888584,298.70408452685655,437,0.0,False,False
SITE_029,2025-01-24,6.285086562001898,3.3048343000700697,6.9578,8.592625474436604,298.70408452685655,292.41899796485467,437,0.0,False,False
SITE_029,2025-01-25,6.285086562001898,3.3048343000700697,6.9578,8.592625474436604,292.41899796485467,286.1339114028528,437,0.0,False,False
SITE_029,2025-01-26,6.285086562001898,3.3048343000700697,6.9578,8.592625474436604,286.1339114028528,279.8488248408509,437,0.0,False,False
SITE_029,2025-01-27,6.285086562001898,3.3048343000700697,6.9578,8.592625474436604,279.8488248408509,273.56373827884903,437,0.0,False,False
SITE_029,2025-01-28,6.285086562001898,3.3048343000700697,6.9578,8.592625474436604,273.56373827884903,267.27865171684715,437,0.0,False,False
SITE_029,2025-01-29,6.285086562001898,3.3048343000700697,6.9578,8.592625474436604,267.27865171684715,260.99356515484527,437,0.0,False,False
SITE_029,2025-01-30,6.285086562001898,3.3048343000700697,6.9578,8.592625474436604,260.99356515484527,254.70847859284336,437,0.0,False,False
SITE_029,2025-01-31,6.285086562001898,3.3048343000700697,6.9578,8.592625474436604,254.70847859284336,248.42339203084146,437,0.0,False,False
SITE_029,2025-02-01,6.285086562001898,3.3048343000700697,6.9578,8.592625474436604,248.42339203084146,242.13830546883955,437,0.0,False,False
SITE_029,2025-02-02,6.285086562001898,3.3048343000700697,6.9578,8.592625474436604,242.13830546883955,235.85321890683764,437,0.0,False,False
SITE_029,2025-02-03,6.285086562001898,3.3048343000700697,6.9578,8.592625474436604,235.85321890683764,229.56813234483573,437,0.0,False,False
SITE_029,2025-02-04,6.285086562001898,3.3048343000700697,6.9578,8.592625474436604,229.56813234483573,223.28304578283382,437,0.0,False,False
SITE_029,2025-02-05,6.285086562001898,3.3048343000700697,6.9578,8.592625474436604,223.28304578283382,216.99795922083192,437,0.0,False,False
SITE_029,2025-02-06,6.285086562001898,3.3048343000700697,6.9578,8.592625474436604,216.99795922083192,210.71287265883,437,0.0,False,False
SITE_029,2025-02-07,6.285086562001898,3.3048343000700697,6.9578,8.592625474436604,210.71287265883,204.4277860968281,437,0.0,False,False
SITE_029,2025-02-08,6.285086562001898,3.3048343000700697,6.9578,8.592625474436604,204.4277860968281,198.1426995348262,437,0.0,False,False
SITE_029,2025-02-09,6.285086562001898,3.3048343000700697,6.9578,8.592625474436604,198.1426995348262,191.85761297282428,437,0.0,False,False
SITE_029,2025-02-10,6.285086562001898,3.3048343000700697,6.9578,8.592625474436604,191.85761297282428,185.57252641082238,437,0.0,False,False
SITE_029,2025-02-11,6.285086562001898,3.3048343000700697,6.9578,8.592625474436604,185.57252641082238,179.28743984882047,437,0.0,False,False
SITE_029,2025-02-12,6.285086562001898,3.3048343000700697,6.9578,8.592625474436604,179.28743984882047,173.00235328681856,437,0.0,False,False
SITE_029,2025-02-13,6.285086562001898,3.3048343000700697,6.9578,8.592625474436604,173.00235328681856,166.71726672481665,437,0.0,False,False
SITE_029,2025-02-14,6.285086562001898,3.3048343000700697,6.9578,8.592625474436604,166.71726672481665,160.43218016281475,437,0.0,False,False
SITE_029,2025-02-15,6.285086562001898,3.3048343000700697,6.9578,8.592625474436604,160.43218016281475,154.14709360081284,437,0.0,False,False
SITE_029,2025-02-16,6.285086562001898,3.3048343000700697,6.9578,8.592625474436604,154.14709360081284,147.86200703881093,437,0.0,False,False
SITE_029,2025-02-17,6.285086562001898,3.3048343000700697,6.9578,8.592625474436604,147.86200703881093,141.57692047680902,437,0.0,False,False
SITE_029,2025-02-18,6.285086562001898,3.3048343000700697,6.9578,8.592625474436604,141.57692047680902,135.2918339148071,437,0.0,False,False
SITE_029,2025-02-19,6.285086562001898,3.3048343000700697,6.9578,8.592625474436604,135.2918339148071,129.0067473528052,437,0.0,False,False
SITE_029,2025-02-20,6.285086562001898,3.3048343000700697,6.9578,8.592625474436604,129.0067473528052,122.72166079080331,437,0.0,False,False
SITE_029,2025-02-21,6.285086562001898,3.3048343000700697,6.9578,8.592625474436604,122.72166079080331,116.43657422880142,437,0.0,False,False
SITE_029,2025-02-22,6.285086562001898,3.3048343000700697,6.9578,8.592625474436604,116.43657422880142,110.15148766679953,437,0.0,False,False
SITE_029,2025-02-23,6.285086562001898,3.3048343000700697,6.9578,8.592625474436604,110.15148766679953,103.86640110479763,437,0.0,True,False
SITE_029,2025-02-24,6.285086562001898,3.3048343000700697,6.9578,8.592625474436604,103.86640110479763,97.58131454279574,437,0.0,True,False
SITE_029,2025-02-25,6.285086562001898,3.3048343000700697,6.9578,8.592625474436604,97.58131454279574,91.29622798079384,437,0.0,True,False
SITE_030,2025-01-01,22.85552830433426,34.137643513968214,16.774061,17.65488019603164,0.0,0.0,316,0.0,True,True
SITE_030,2025-01-02,23.69778480968702,36.66441303002648,16.774061,17.65488019603164,0.0,0.0,316,0.0,True,True
SITE_030,2025-01-03,23.82011103511741,37.03139170631766,16.774061,17.65488019603164,0.0,0.0,316,0.0,True,True
SITE_030,2025-01-04,23.837877244514257,37.0846903345082,16.774061,17.65488019603164,0.0,0.0,316,0.0,True,True
SITE_030,2025-01-05,23.84045754316837,37.09243123047054,16.774061,17.65488019603164,0.0,0.0,316,0.0,True,True
SITE_030,2025-01-06,23.84083229623533,37.09355548967142,16.774061,17.65488019603164,0.0,0.0,316,0.0,True,True
SITE_030,2025-01-07,23.840886723968357,37.09371877287049,16.774061,17.65488019603164,0.0,0.0,316,0.0,True,True
SITE_030,2025-01-08,23.840894628840346,37.09374248748645,16.774061,17.65488019603164,0.0,0.0,316,0.0,True,True
SITE_030,2025-01-09,23.84089577692825,37.09374593175016,16.774061,17.65488019603164,0.0,0.0,316,0.0,True,True
SITE_030,2025-01-10,23.84089594367379,37.0937464319868,16.774061,17.65488019603164,0.0,0.0,316,0.0,True,True
SITE_030,2025-01-11,23.840895967888176,37.09374650462996,16.774061,17.65488019603164,0.0,0.0,316,0.0,True,True
SITE_030,2025-01-12,23.84089597141944,37.09374651522376,16.774061,17.65488019603164,0.0,0.0,316,0.0,True,True
SITE_030,2025-01-13,23.84089597192391,37.09374651673716,16.774061,17.65488019603164,0.0,0.0,316,0.0,True,True
SITE_030,2025-01-14,23.84089597200152,37.09374651696999,16.774061,17.65488019603164,0.0,0.0,316,0.0,True,True
SITE_030,2025-01-15,23.84089597200152,37.09374651696999,16.774061,17.65488019603164,0.0,0.0,316,0.0,True,True
SITE_030,2025-01-16,23.84089597200152,37.09374651696999,16.774061,17.65488019603164,0.0,0.0,316,0.0,True,True
SITE_030,2025-01-17,23.84089597200152,37.09374651696999,16.774061,17.65488019603164,0.0,0.0,316,0.0,True,True
SITE_030,2025-01-18,23.84089597200152,37.09374651696999,16.774061,17.65488019603164,0.0,0.0,316,0.0,True,True
SITE_030,2025-01-19,23.84089597200152,37.09374651696999,16.774061,17.65488019603164,0.0,0.0,316,0.0,True,True
SITE_030,2025-01-20,23.84089597200152,37.09374651696999,16.774061,17.65488019603164,0.0,0.0,316,0.0,True,True
SITE_030,2025-01-21,23.84089597200152,37.09374651696999,16.774061,17.65488019603164,0.0,0.0,316,0.0,True,True
SITE_030,2025-01-22,23.84089597200152,37.09374651696999,16.774061,17.65488019603164,0.0,0.0,316,0.0,True,True
SITE_030,2025-01-23,23.84089597200152,37.09374651696999,16.774061,17.65488019603164,0.0,0.0,316,0.0,True,True
SITE_030,2025-01-24,23.84089597200152,37.09374651696999,16.774061,17.65488019603164,0.0,0.0,316,0.0,True,True
SITE_030,2025-01-25,23.84089597200152,37.09374651696999,16.774061,17.65488019603164,0.0,0.0,316,0.0,True,True
SITE_030,2025-01-26,23.84089597200152,37.09374651696999,16.774061,17.65488019603164,0.0,0.0,316,0.0,True,True
SITE_030,2025-01-27,23.84089597200152,37.09374651696999,16.774061,17.65488019603164,0.0,0.0,316,0.0,True,True
SITE_030,2025-01-28,23.84089597200152,37.09374651696999,16.774061,17.65488019603164,0.0,0.0,316,0.0,True,True
SITE_030,2025-01-29,23.84089597200152,37.09374651696999,16.774061,17.65488019603164,0.0,0.0,316,0.0,True,True
SITE_030,2025-01-30,23.84089597200152,37.09374651696999,16.774061,17.65488019603164,0.0,0.0,316,0.0,True,True
SITE_030,2025-01-31,23.84089597200152,37.09374651696999,16.774061,17.65488019603164,0.0,0.0,316,0.0,True,True
SITE_030,2025-02-01,23.84089597200152,37.09374651696999,16.774061,17.65488019603164,0.0,0.0,316,0.0,True,True
SITE_030,2025-02-02,23.84089597200152,37.09374651696999,16.774061,17.65488019603164,0.0,0.0,316,0.0,True,True
SITE_030,2025-02-03,23.84089597200152,37.09374651696999,16.774061,17.65488019603164,0.0,0.0,316,0.0,True,True
SITE_030,2025-02-04,23.84089597200152,37.09374651696999,16.774061,17.65488019603164,0.0,0.0,316,0.0,True,True
SITE_030,2025-02-05,23.84089597200152,37.09374651696999,16.774061,17.65488019603164,0.0,0.0,316,0.0,True,True
SITE_030,2025-02-06,23.84089597200152,37.09374651696999,16.774061,17.65488019603164,0.0,0.0,316,0.0,True,True
SITE_030,2025-02-07,23.84089597200152,37.09374651696999,16.774061,17.65488019603164,0.0,0.0,316,0.0,True,True
SITE_030,2025-02-08,23.84089597200152,37.09374651696999,16.774061,17.65488019603164,0.0,0.0,316,0.0,True,True
SITE_030,2025-02-09,23.84089597200152,37.09374651696999,16.774061,17.65488019603164,0.0,0.0,316,0.0,True,True
SITE_030,2025-02-10,23.84089597200152,37.09374651696999,16.774061,17.65488019603164,0.0,0.0,316,0.0,True,True
SITE_030,2025-02-11,23.84089597200152,37.09374651696999,16.774061,17.65488019603164,0.0,0.0,316,0.0,True,True
SITE_030,2025-02-12,23.84089597200152,37.09374651696999,16.774061,17.65488019603164,0.0,0.0,316,0.0,True,True
SITE_030,2025-02-13,23.84089597200152,37.09374651696999,16.774061,17.65488019603164,0.0,0.0,316,0.0,True,True
SITE_030,2025-02-14,23.84089597200152,37.09374651696999,16.774061,17.65488019603164,0.0,0.0,316,0.0,True,True
SITE_030,2025-02-15,23.84089597200152,37.09374651696999,16.774061,17.65488019603164,0.0,0.0,316,0.0,True,True
SITE_030,2025-02-16,23.84089597200152,37.09374651696999,16.774061,17.65488019603164,0.0,0.0,316,0.0,True,True
SITE_030,2025-02-17,23.84089597200152,37.09374651696999,16.774061,17.65488019603164,0.0,0.0,316,0.0,True,True
SITE_030,2025-02-18,23.84089597200152,37.09374651696999,16.774061,17.65488019603164,0.0,0.0,316,0.0,True,True
SITE_030,2025-02-19,23.84089597200152,37.09374651696999,16.774061,17.65488019603164,0.0,0.0,316,0.0,True,True
SITE_030,2025-02-20,23.84089597200152,37.09374651696999,16.774061,17.65488019603164,0.0,0.0,316,0.0,True,True
SITE_030,2025-02-21,23.84089597200152,37.09374651696999,16.774061,17.65488019603164,0.0,0.0,316,0.0,True,True
SITE_030,2025-02-22,23.84089597200152,37.09374651696999,16.774061,17.65488019603164,0.0,0.0,316,0.0,True,True
SITE_030,2025-02-23,23.84089597200152,37.09374651696999,16.774061,17.65488019603164,0.0,0.0,316,0.0,True,True
SITE_030,2025-02-24,23.84089597200152,37.09374651696999,16.774061,17.65488019603164,0.0,0.0,316,0.0,True,True
SITE_030,2025-02-25,23.84089597200152,37.09374651696999,16.774061,17.65488019603164,0.0,0.0,316,0.0,True,True
